,Astro_AMY,Astro_AMY_CTX,Astro_CTX,Astro_HPC,Astro_HYPO,Astro_STR,Astro_THAL_hab,Astro_THAL_lat,Astro_THAL_med,Astro_WM,Endo,Ext_Amy_1,Ext_Amy_2,Ext_ClauPyr,Ext_Hpc_CA1,Ext_Hpc_CA2,Ext_Hpc_CA3,Ext_Hpc_DG1,Ext_Hpc_DG2,Ext_L23,Ext_L25,Ext_L56,Ext_L5_1,Ext_L5_2,Ext_L5_3,Ext_L6,Ext_L6B,Ext_Med,Ext_Pir,Ext_Thal_1,Ext_Thal_2,Ext_Unk_1,Ext_Unk_2,Ext_Unk_3,Inh_1,Inh_2,Inh_3,Inh_4,Inh_5,Inh_6,Inh_Lamp5,Inh_Meis2_1,Inh_Meis2_2,Inh_Meis2_3,Inh_Meis2_4,Inh_Pvalb,Inh_Sst,Inh_Vip,LowQ_1,LowQ_2,Micro,Nb_1,Nb_2,OPC_1,OPC_2,Oligo_1,Oligo_2,Unk_1,Unk_2,region_final,location,subregion,cortical_layer,region_final_colors
0,0.11078773314823294,0.038599641268134983,0.022387496674681904,0.04008836487516875,0.10319624614763646,0.057541476910661346,0.0571242835187388,0.9308245358059426,0.8097080208131228,0.017754855257164918,0.18442929581220888,0.023067695405837738,0.001647897426623368,0.0061014000495776,0.0009388631527286387,0.009364632431627782,0.004016993838152229,0.0010462823681182333,0.0009800544197762755,0.0026146760688781517,0.0047889226938997555,0.005624426386310992,0.007538406127717739,0.024138897606542548,0.01935209954398536,0.009873441031408534,0.0050376595827393575,0.059500636244461426,0.0014417875063224889,0.6700936146190147,0.22738608020621923,0.03816083151008046,0.06994852124554075,0.2215686481026862,0.002803094075544758,0.022951132626959136,0.021364427194575764,0.004303054783826073,0.15018465767408334,0.0006783307726084982,0.025497708896745706,0.01604853450698628,0.0048691802758212615,0.0033984478216107744,0.021740627167822345,0.02405125383618347,0.017495023525251223,0.0341006534261164,0.0015914164480766092,0.043669457558299825,0.24485648406247276,0.007809748030911884,0.008288496060770086,0.23679023062042548,0.11479470306930195,0.3008157488419463,0.09659972632392094,0.005477581993437776,0.08396809960462723,0,thalamus,select thalamic nuclei,,#ffff00
1,0.5213010969329115,0.5228462844257308,0.5798390248351606,0.13192769718860212,0.023674160314365936,0.45674603071956077,0.027095218130035844,0.04799799754358409,0.10940967192015226,0.035631701864163985,0.47124768987795396,0.08645212183298683,0.037243454009481765,0.03958696577860237,0.004926285099366727,0.020184808591375676,0.002804671515656563,0.006807714850086928,0.010209820471180357,1.0,0.3080697947689366,0.055265079921668285,0.11675766208643397,0.045685556729420235,0.09367809916544198,0.1223941716301229,0.011230122671101116,0.6563705617898559,0.04852607279334298,0.004250342821617823,0.003919587299444096,0.2336848547759412,0.18313939434370233,0.09818466195511849,0.0073044736800891045,0.014543420784327181,0.0747267578303332,0.006230342211673449,0.09701283864684451,0.0011732653122047934,0.5792523896335494,0.09320897051173134,0.013187759530452606,0.012281409132222669,0.015716015728305173,0.41954802993994433,0.19695099475601316,0.7550681750940953,0.001750692231526305,0.13956598899359962,0.6409577509560543,0.09404244668655484,0.12557473947541234,0.47904085361947535,0.04500874223274233,0.026235817414519535,0.008067443515280328,0.21969663077977494,0.32628002091116737,1,cortex,pan cortex,L2/3,#1ce6ff
10,0.6255430161198722,0.8414627138158525,0.09895993484109088,0.11202743492953379,0.04062394890643551,0.373444444702477,0.029495998562265098,0.029444142642045524,0.07354469962870099,0.09417943882978831,0.32245879073305245,0.08783750937132877,0.07126198446347094,0.06378103102509325,0.0020043905496035675,0.017003397159575825,0.0030432340551252222,0.0037049539974459283,0.00520907113346807,0.02060558931549918,0.014113994979297424,0.012275283084132185,0.08215077891279446,0.031060488761509308,0.1811637814514198,0.06442518772174982,0.07119174574638627,0.04958230835273101,0.20580003975720904,0.0041893678598205674,0.007546242099903421,0.1679141937838054,0.18440482992904195,0.10526558633946922,0.03668565261474402,0.01623422963012516,0.06961666303421311,0.032054330986580046,0.07495622282974589,0.0009005340922005623,0.2970361128928371,0.12235894146146728,0.008479380898515139,0.013573424770799248,0.0044380654063244955,0.07614355185686963,0.5637451540502232,0.1860980403993749,0.005221088784530474,0.08127961262995444,0.5120510461662829,0.07615989614095252,0.11682864854730617,0.4716324219254821,0.0817024658046593,0.032308602260470914,0.01616342555020404,0.17787735143755334,0.29312752225569916,10,piriform cortex,L1,,#63ffac
11,0.3923814505087204,0.3412426462518207,0.17714126875344322,1.0,0.04779874293238447,0.8131549976081314,0.06443712158249434,0.09702561883536351,0.14484937047143767,0.3006657146741075,0.6343998829799574,0.08901470913181668,0.01343716170841108,0.025591192077299357,0.0569284717096391,0.22363531588842375,0.05963636637645412,0.061579062462056605,0.05202334066306643,0.010373313601493796,0.01922696444326372,0.02502780146814285,0.01763733193705376,0.02266132079613491,0.046459946233449186,0.044383145747969054,0.013569159372287306,0.06113819316136718,0.007233282970309085,0.018074996004125533,0.019083863584806054,0.13285294932639144,0.10385831961537818,0.07896085557645358,0.006097339025267445,0.020014691511879446,0.044315023270977506,0.008509768843056618,0.06802779055151627,0.003154732607803502,0.605956100632073,0.058356204164794846,0.012007488213825185,0.013135939347192453,0.00977271321882416,0.18477920104090598,0.22656016338042514,0.3724451908212134,0.0043308150660782,0.06602653336380403,0.7593190649381658,0.10183386411343522,0.19821641082291325,0.5482070098392738,0.14808680064525567,0.07244774196822228,0.07266451484908902,0.15050901360107477,0.3774123609885905,11,hippocampus,,,#b79762
12,0.47807962786682995,0.38499952565492795,0.3050881885797631,0.18443973210247566,0.03912167944205666,0.5919140152128693,0.042639432066338745,0.05911388446555036,0.10282850052163484,0.17981928573462258,0.40154996134511745,0.056193808510042,0.02049608272232682,0.025903831404406774,0.0024527651001977225,0.027175142515881965,0.002142687099991139,0.0025697837941877676,0.0029461557932142445,0.02329198847107073,0.0417669983882754,0.025469532535815204,0.0279901100746398,0.0319592424919636,0.035574860040530204,0.021871791933149903,0.015706801049442613,0.06072067247879902,0.013061009485231092,0.009254967530847057,0.0036525539808067936,0.14471053862856292,0.15516830386067543,0.08082016630808965,0.0432308236953129,0.016215971138529867,0.03827066610897793,0.02017174440223971,0.04783038018216002,0.0015539665547091431,0.16011586227681104,0.28161688080346864,1.0,1.0,0.008703740839576802,0.14131661706746382,0.10669384425579038,0.06824824245538974,0.004317524451402843,0.07115806540615986,0.6808516740306159,0.04392335215128367,0.13587939387907338,0.40217998079190914,0.19314562826838488,0.163716387888139,0.1640989920863476,0.04446827093602367,0.19399688076051935,12,striatum,caudate putamen,,#004d43
14,0.13260387765665776,0.05054088740528632,0.023269840702552398,0.038517485995123744,0.43453058316964605,0.06118918169159246,0.09393462489927533,0.5921366835359873,1.0,0.03183461327536798,0.25273787473446857,0.03162406672497756,0.004233974424111146,0.0057095210493437465,0.0008375444263296869,0.008569227490157127,0.0037297745351640346,0.002724214772036742,0.0016754166052661123,0.0028930886797733217,0.0032743189485179834,0.003873146414636944,0.007555166816939894,0.01570482912036434,0.03689096477806339,0.010109584068752954,0.00623937306285024,0.03374851381740358,0.004876714664251621,0.18986582323609683,1.0,0.09484106386475523,0.1736352850989771,1.0,0.012013245817422942,0.054659168129974914,0.05696002222795063,0.09994775241272258,0.0733553327097917,0.0027290659009732285,0.03092910390505073,0.023414902881383363,0.004566543402733241,0.004051211446213538,0.004923457796428859,0.013489916348936497,0.026126420399265826,0.048676023682726735,0.001617030552712543,0.049682407974437064,0.3140783531582256,0.023391260106827603,0.0326433298153599,0.35070845290621083,0.12598531868467258,0.2643136652447307,0.06762637610592469,0.01141307167292828,0.19209506897567252,14,thalamus,select thalamic nuclei,,#8fb0ff
15,0.14163005479388815,0.043303652032499314,0.02468747255376858,0.03975656863018114,0.46602872572014603,0.07955231828201775,0.09857415546563285,0.5318218760772637,0.3530601834104993,0.07434955158008405,0.221714704108032,0.03276630173507615,0.0022528033747340878,0.004544210227905878,0.0006763879157075668,0.004651583277938438,0.0006882214794371599,0.0008298366892903286,0.0009334650527388755,0.001561127708675514,0.0031713071938071903,0.0023691686891555586,0.00390718024948056,0.015938125176927474,0.019010029315779872,0.005315542120130958,0.004060231599040576,0.022806214544727903,0.0029526380318691645,0.04087513244676972,0.03215433961874835,0.05093367015473599,0.2248831303807006,0.20454803843767935,0.025685997732169133,1.0,0.11381470979133032,0.16287103051381802,0.7172268251851056,0.005357670755156845,0.08948423552557602,0.04288227963312916,0.01776012333769006,0.006757568221747429,0.032459989654504535,0.11225463217350794,0.06715701903731182,0.05471002335760933,0.00217879158854757,0.05590185883036689,0.4058601340101389,0.020898130616801198,0.040882636820822445,0.42607618247912965,0.1451962622326442,0.3429566405362162,0.19128133329535982,0.010712877805546993,0.2025779491341818,15,hypothalamus,dorsal,,#997d87
16,0.7687754595518308,0.9149365061942359,0.1123127699516568,0.10988252345104972,0.04608874194261694,0.3954001170884169,0.043430055026834266,0.03774149454082616,0.11752160989076643,0.04824623895053267,0.36909731533891266,0.22874481356751203,0.20690807176529397,0.06078766115346033,0.006617574787404678,0.035517287666142774,0.00895761761255178,0.012920816822648565,0.014073486471458204,0.16267143684941662,0.031204877192173346,0.030460095744905963,0.15558492441145513,0.034592629056073354,0.17090936123724915,0.23810902019116892,0.05407550024212327,0.1404179517701791,1.0,0.004593887047495008,0.016261423498038073,0.3377487185267069,0.6873121155948069,0.1587546114115769,0.05728183811097623,0.019604553798584536,0.21679565553911193,0.0582437446933218,0.08903172292938365,0.0019317899476308876,0.5352309299438497,0.2624048712567777,0.0212823562022684,0.025290905940928282,0.005759381309074301,0.29964040473737064,0.9066453651411848,0.7160890641609823,0.0029010786487114856,0.1816961695113845,0.6478012972298568,0.1419897805459798,0.16139638277727725,0.7150003347378445,0.055079940544563,0.02760205174550424,0.005565000629832998,0.43916779222542923,0.47914024420955414,16,piriform cortex,L2-3,,#5a0007
17,0.09398503278291814,0.032464206213367625,0.0102990751129052,0.021369885948470935,0.4003868878383866,0.04888575977171311,0.09590291235558554,0.09236339604491184,0.1465321709741324,0.11492026647415826,0.1255422415064089,0.046025909627371756,0.003415564179962793,0.0030604835355034325,0.00027769032412637286,0.0026334175455742063,0.00030115617020966143,0.0010054685254870883,0.0007437512178183921,0.000933508634101038,0.0015372859978473687,0.0010573285371994713,0.0017633949056387675,0.003433939371463976,0.016502226591078216,0.002776831318488718,0.001642121252630356,0.014769774505084099,0.0016430670843354592,0.009928013840258453,0.023535737633558283,0.03898964205837719,0.2410821420566933,0.11202500088488454,0.0686628779005301,0.12614530903069812,0.08467104216659291,0.16534832777991318,0.0713997370842552,0.027714956718196692,0.021049361061696907,0.034487941343396646,0.005212166119846499,0.002818087377304353,0.0036958576332080315,0.007398773918523912,0.028346560551562948,0.030956724028860877,0.007125961649528056,0.02265964656235685,0.11091690418490922,0.017974258982092442,0.06672494931701697,0.21903994966087864,0.05957219699865703,0.06538329396823958,0.04467390743292143,0.01564827810206514,0.4263625846728724,17,thalamus,habenula,,#809693
18,0.5595090414792327,0.27401137040049856,0.029013783378747167,0.049324032381267535,0.7783107341651493,0.18711591430681795,0.09105810514337173,0.04326751556499754,0.1568874034532372,0.09093147077207075,0.37922881166432665,0.23273856247972824,0.0649371068763757,0.008572801026017254,0.0017585743665366983,0.006771208036870161,0.0011357532720578,0.0026156120788734193,0.004113434837038911,0.004837774546608836,0.0032912308269995773,0.004523781491363336,0.006561061529770904,0.00947677270124983,0.09688610068975072,0.01509110875549752,0.006333745445172392,0.029018309219627638,0.011262649631421894,0.003501712408890873,0.005421218208936405,0.37968098246998666,0.8814725313223166,0.16396337607645814,1.0,0.021481131405346892,0.43388941791088315,0.700037458770661,0.036938272166508225,0.00176197868099579,0.1433419980498195,1.0,0.033424547871034806,0.09168084836876461,0.003363585252829245,0.019508276516535084,0.21738353338565494,0.16515300446158918,0.0019436558462811756,0.06160892867271249,0.35610356038875896,0.09003949854965905,0.2020199725696994,0.7743536662093728,0.09830640295627387,0.06113729459506712,0.03920357320323977,0.098971072878278,0.564427110737457,18,hypothalamus,ventral,,#6a3a4c
19,0.2370249726273225,0.24777699667994202,0.10394711450295356,0.2696108523104525,0.07024272134670355,0.15127614639824513,0.10805198007997488,0.03994321695529861,0.07788686685603932,0.36131184753041273,0.8087869123496436,0.03375711540548697,0.010145300083197167,0.01716626454500688,0.001527020243779385,0.010644894630742733,0.0016908341303007704,0.006018842875112105,0.0050426114841868735,0.06452520952732163,0.03782738072355318,0.013217297785072954,0.02171038711216732,0.018942083271118917,0.056868656801435595,0.034983028928198094,0.00948650111370163,0.05598618601947481,0.018355167416801363,0.005096501105556769,0.0022061858893609346,0.05095169492024355,0.06431849576339978,0.055184486750733876,0.018104066374849476,0.0051651633080303,0.01993769970536365,0.012660571516019282,0.039775027574425054,0.0016664358916465619,0.2531649433756046,0.02194679784514996,0.006850306808521467,0.00443828861329199,0.0033773414798922534,0.04764869048844894,0.04271271196443217,0.0718514045078,0.1237443114332724,0.0414804418358135,0.5432285473409262,0.030729721829866573,0.15169188988148333,0.3510807869559,0.06447725694474735,0.02925175703163306,0.02898400660463793,0.02373665004890168,0.3649189345617706,19,"pia, lateral ventricle",dorsal,,#1b4400
2,0.3864876560829338,0.3278207651462049,0.2907602129120236,0.15377513060338416,0.017858532231702307,0.27300565848366226,0.024800197581201246,0.0235809872519848,0.05105213131570898,0.07333430091645796,0.30971761787425406,0.03423555765834552,0.007523324442670987,0.018211435882950395,0.001180442811131595,0.007494150218840132,0.0008963990322637613,0.0019481530785874172,0.0024662543040116437,0.16015903021964162,0.06504836856901017,0.018967401674692724,0.03754187945734379,0.024095840241234765,0.032577264906297594,0.02691240308777912,0.004004856150156846,0.17791297660842917,0.007104031558306445,0.002086628957622119,0.0028159361103511707,0.07072433352919562,0.056387396761209414,0.06245792245971678,0.004998231562154967,0.0041542384422880215,0.020792710995150093,0.005888253398202194,0.02424054127747427,0.0005142715913276055,0.4353396876870821,0.02841357200804783,0.0067497474411842015,0.004404491499587165,0.005763844883066057,0.08277346270249636,0.04146134234902992,0.19786060673843178,0.008541622294424024,0.0538127770704344,0.3104377983370112,0.03166917595434721,0.06376933015255237,0.269941378522469,0.014480545730578184,0.010293864454047291,0.004479750363460739,0.06676457842822504,0.21928170311676412,2,cortex,pan cortex,L1,#ff34ff
20,0.4563064587174108,0.4438159636762559,0.1045879547897125,0.11296929009123413,0.03131719601837857,0.48841130877478867,0.048879057763537334,0.03599650323703378,0.1038456646492229,0.1572011541950775,0.5352750763625297,0.1642770988992092,0.07964242276979373,1.0,0.0035200894195123976,0.022057865698888172,0.004909990527983663,0.004190283548099348,0.006144352597131189,0.0072496273869348034,0.011971987450550689,0.32715089184071117,0.02902586691981464,0.0269863009846534,1.0,0.41935044908715263,1.0,0.06446524641716031,0.026647725895760588,0.002518670429495213,0.005313513340767753,0.23435831433782395,0.2830206395458646,0.16415630855102795,0.03141397115005118,0.014858225137199359,0.14271387719410927,0.03013970151301615,0.07406991815042728,0.0013146886938382365,0.5263908628186216,0.17667969152955793,0.01725921645869041,0.0196070805237687,0.005259266062275072,0.1345380280147914,0.577103628080666,0.4074473177883959,0.002690104168434024,0.1640099720451915,0.6980839304165577,0.15798770246795127,0.216774379459642,0.6279783816126007,0.26348617224320486,0.17658747142064984,0.17190633491472265,0.3283018859748215,0.42014128113294996,20,cortex,pan cortex,L6,#4fc601
21,0.13285345713386584,0.05344016696774793,0.022751154887055654,0.05272417474922607,0.0981450269777611,0.0769844486752907,0.11606774749369775,1.0,0.7659008577853704,0.05127377098031506,0.3733625648200778,0.03479223779924923,0.0020353305959061956,0.005914573298753344,0.0006410358949437214,0.009712352837409092,0.002342603611775412,0.0008974295751270029,0.0010070718894320636,0.002868865976785705,0.006752688237593705,0.00828791691571232,0.008219369798025324,0.050120818687886017,0.027590712976491783,0.010349402910991063,0.0037573554975776926,0.08133773006785724,0.0016287581765364286,1.0,0.04176793376947773,0.035215027049525935,0.0784801767415422,0.23204520233442683,0.003787004343937475,0.05043458727682348,0.02549128230377586,0.004468784614788458,0.21882020316351478,0.0004559993479249962,0.035624530648265415,0.020379032427534874,0.004607007268008082,0.006759851888652004,0.05317865761827387,0.02236705388911825,0.018111837571010654,0.02928398335184759,0.0027002009591013064,0.04304115581174649,0.3827632400464793,0.009657425506686468,0.015990342357977486,0.20890863047374758,0.1193143168395041,0.3616448538687206,0.33739635967174075,0.0019543032593653618,0.08719303259088862,21,thalamus,select thalamic nuclei,,#3b5dff
23,0.8925660382121768,0.7630043523763809,0.1614467651794732,0.25214706832594663,0.04919992254851495,1.0,0.0707995010757862,0.11108659187106705,0.221488435157369,0.1211735977291617,0.5669921470649406,1.0,0.05364401322188649,0.07250483624443267,0.06483315869052708,1.0,1.0,0.0284968741716172,0.06118926574633915,0.012770806991058651,0.013502595374816087,0.04945684540434643,0.035519915725440755,0.03254601106827774,0.1324122930072735,0.17000433983242627,0.02359130486975939,0.12162753977788793,0.025124219390754658,0.008095115404589407,0.007402051753694252,0.35679296585205444,0.3818847330823538,0.21471701001528012,0.018196035205023532,0.03764631412591452,0.250518716473186,0.013955422642995258,0.3254163982560694,0.002679188316594545,0.7081873185636919,0.14544168768684165,0.01360711419935175,0.010895198410006742,0.01457584794588841,0.48131784688318247,0.48175612446659183,0.5538242747514659,0.0033155516687762895,0.24251393592262468,0.5540757065066485,0.2659283720094501,0.25910431732147465,0.5670484733413521,0.08766518851698817,0.12263064771048372,0.03677713003913017,1.0,0.7913542205716286,23,hippocampus,"CA2, CA3",,#4a3b53
24,0.6549348576733011,0.6909856550591601,0.3278165397774205,0.5636947573284768,0.05989065929834698,0.8035948997243624,0.06586674301815094,0.09725204698572205,0.17955152580014935,0.30307064076893925,0.7799180961691372,0.30143890491285513,0.044581945978374615,0.029293316677293263,0.006572645963379765,0.12462220150014919,0.071281062111906,1.0,1.0,0.057696153506536216,0.03963594901476302,0.024743881799717125,0.031343513785818844,0.03458456655077751,0.17891579926545018,0.06965006331664465,0.012720851639758888,0.09262068573837887,0.06059289978815168,0.015301623158176299,0.01082808315267849,1.0,0.3711225332431018,0.21925681908351144,0.024811900862281744,0.028159661310877913,0.11070777088699645,0.022669695937779535,0.22124291326814838,0.0069339401895457484,1.0,0.09543056472196369,0.016385175197377148,0.014953920705565255,0.010590238127588655,0.5132525984771943,0.21137829564151855,0.4254893625909774,0.006279991233911274,0.10921892187139416,0.6937685131516809,1.0,1.0,0.7286876705931647,0.09769856942006283,0.04486181811946737,0.02089824648382429,0.173094780891292,0.5340750947812771,24,hippocampus,dentate gyrus,,#ff2f80
26,0.6502446494313429,0.6256251879365448,0.20821194912563765,0.23281883630356914,0.03253202928155462,0.9640658967017007,0.038745027507290884,0.05823590882120492,0.1397725211927403,0.12039734277198769,0.5735788907511626,0.2865527794639473,0.04909874651061509,0.038530365550701655,1.0,0.28019408888146385,0.026789795958124644,0.02647197858525486,0.024362392137939413,0.015388611571361706,0.028196682164872238,0.05226623398242835,0.033406880272237593,0.039521400256120665,0.11346954290144536,0.10429990125279659,0.02343785833108326,0.17945590277618062,0.02221100255342098,0.0051118883391519,0.005237656844351117,0.3419005868024468,0.32424232557447696,0.16589013902139402,0.015666126290584115,0.022315466726673134,0.15365634665910805,0.011287461435939145,0.12998257700066015,0.002284018703900728,0.6796187582716923,0.13569083150039662,0.018015917192125613,0.015720696991837764,0.010616003688238233,0.5503378902042831,0.34306547022378453,0.442969604092999,0.0038155178807942145,0.15791560489918108,0.7241218159863824,0.19864537274005534,0.2751618920255686,0.648002677870258,0.08559852111025915,0.06012447453963661,0.032645633214078006,0.45076331696956695,0.5602878916173383,26,hippocampus,CA1,,#61615a
27,0.11018245760420335,0.054473032202540954,0.035122270204304376,0.08036603223373279,0.1310297944735469,0.07947525564202511,0.1630445347711712,0.6815046043098744,0.4984573002920385,0.12159566958051891,0.25440395673543176,0.04576877473086505,0.0013118046794255438,0.004207411462591055,0.0005122929268880135,0.007262525875596081,0.0010461335240670871,0.0007331580498187583,0.0007731156699222416,0.0021724108472030205,0.005266323386159074,0.002962639888107711,0.00521777940641615,0.020007448035519633,0.014170291611148082,0.005261385625724844,0.0037418111235670965,0.028197424653424653,0.0010627111070017484,0.07251746709176052,0.00922829173338817,0.0352823948803961,0.0773478914915636,0.09174150379352748,0.004005050791290968,0.10891136161452662,0.02745727532106059,0.025489211894305846,0.20831373926563837,0.0006653724245074506,0.06237356333587029,0.01637479253871261,0.005013415336375754,0.004881353135468797,1.0,0.10677526637955632,0.04732104549720893,0.051219928549235016,0.0035534573743352125,0.036482387027177966,0.2599337077961552,0.010712321359716677,0.033742981505455266,0.27517031877866627,0.19915394650821414,0.32711934281858024,0.2297985364077121,0.0039460904529958684,0.13332940356325287,27,thalamus,select thalamic nuclei,,#ba0900
28,0.10874870737200126,0.05553212071858599,0.03673599130563806,0.06467871199251854,0.10555235677981491,0.1477963274715485,0.0786046230855324,0.041525212170655273,0.10654270171139384,1.0,1.0,0.13948931517890958,0.0035510918756858707,0.0059054435486439304,0.0007468658267810303,0.006441081602345527,0.0007050447467225813,0.002652831737751539,0.002346284260921149,0.00943150651829049,0.01058298641506495,0.0060085349032155885,0.0061325741050928,0.1523401338882836,0.05894796064682171,0.00867306136100105,0.016019977133563935,0.03208226188688264,0.0027316826623947736,0.011757047111421903,0.0038465265210720924,0.11089967847617586,0.12404664368243394,0.08733046022166467,0.1499486135744404,0.02366950751981122,0.05084747870628469,0.040139556554325544,1.0,0.0024504568897713947,0.04921563955681977,0.057649220250621275,0.22414680142302543,0.059054162579866724,0.028596380421454876,0.0870073784576828,0.056624546895309026,0.041515748008944045,1.0,0.04326958938821856,0.6097518163164154,0.045785184595826915,0.4989874896060058,0.5416565945503999,0.49955581557385714,0.18185589446323083,0.19740288113157323,0.006436826198816625,0.3606865098510141,28,lateral ventricle,ventral,,#6b7900
3,0.12605462181556562,0.038657961899569604,0.01621171732576442,0.03013608091159581,1.0,0.06833566914536274,0.09757315200648371,0.09465053773696981,0.21249895644393932,0.038529265814132865,0.36722286846918206,0.03639440696891776,0.0020735384813424518,0.004107131431353552,0.0004212368291863109,0.003303774005008945,0.0006625070139431552,0.0009052434793845074,0.0010406198285864232,0.0012926605359322102,0.0019303315716571127,0.002247662530987567,0.003436879731246643,0.00572453779794454,0.020453951296889476,0.005090783294377093,0.0029142687574212874,0.02093168622772356,0.0009262701108684063,0.013031402461106753,0.019620269798181707,0.07309092215501245,1.0,0.27582181265816136,0.1729868034682385,0.3089811238728608,1.0,1.0,0.11431161537918666,0.0025443672108500476,0.052516489557482914,0.045103164570950524,0.0036290226989472304,0.006739572865749679,0.005681840268821,0.011723164666290963,0.06940893178544273,0.1738674917506592,0.0015895148808810831,0.05385155429468386,0.24181565331105745,0.0544062394636588,0.11975770595689461,0.4591996376158783,0.13911868524992654,0.1727692308345889,0.09372172916904681,0.015488949607319355,0.5835938658020917,3,hypothalamus,dorsal,,#ff4a46
30,0.16772181079603096,0.07472077731611824,0.023480876749919864,0.07132157322910067,0.37286294604802767,0.11322468250613295,1.0,0.079172182410174,0.20302199024697695,0.9437773810802956,0.8621521459173569,0.13135495165409947,0.004178864879302502,0.0077150768065235315,0.0011011177836892955,0.029857901961994317,0.0017006282888458707,0.028767860795433423,0.005494376272445092,0.002517656452919834,0.003866064123788321,0.004098208064924678,0.005126747712520901,0.009035989474595668,0.04961412203392591,0.01167774613335448,0.007044168096868995,0.02410243495285718,0.003397489233172062,0.006336044530772598,0.004375256608420839,0.26077420979885635,0.5792909827195153,0.14106441517105167,0.08942202944699712,0.016401364448603087,0.116980534629631,0.22200014307467766,0.04051057742558767,1.0,0.06507898864035577,0.05305067450682561,0.009286516677257313,0.006229255235556847,0.0034545748173781367,0.01132079120864623,0.0373531068506154,0.06945777582385833,0.03847639561472085,0.05355255623524013,0.9041326515724858,0.10948621514252539,0.44003511519991845,1.0,0.7834983977802498,0.2428881327331237,0.22238452139587098,0.01892938224424011,1.0,30,thalamus,habenula,,#00c2a0
4,0.10191491739410512,0.04188418255546919,0.03435504813634284,0.08682508624444418,0.09072543046465141,0.18063389606347496,0.14203246541734837,0.13601559930031493,0.16166114076864893,0.42621187384775183,0.37340594978873837,0.019685055447269856,0.0018831552863395353,0.008594809267769073,0.003819791105525244,0.014558131726739629,0.0037635429248363936,0.000893605526412509,0.0015005086971396709,0.002442445457591855,0.007388938672514617,0.009887874136717122,0.003863776416627209,0.020614743743269822,0.03564236032895973,0.0061075296013427425,0.008263697097580344,0.026466885111365097,0.0013082049622103304,0.01243666756137693,0.005534129326649587,0.04863055458152027,0.07276383405107043,0.07388022804644098,0.013759149205148586,0.03506163496768869,0.02117213387462796,0.01661329971195662,0.07154938820636043,0.0012164768865486578,0.11022671404823464,0.09608632045593758,0.04091379463107296,0.02473374187959567,0.021863760846052908,0.020571416105141297,0.09472116913614917,0.056840958718914224,0.010284386953583895,0.055583250401104504,0.6925277077346672,0.041263654032204396,0.312977089879986,0.5263638257647579,0.5536672481899846,0.6065900626559046,0.4195132449949889,0.010006384973865615,0.23831914354950565,4,white matter,ventral,,#008941
5,0.39444379316491,0.29606675221469425,0.4294829401221437,0.14559246669444742,0.030518380964770588,0.5375887195250953,0.03939477033174454,0.07056594319699194,0.1391451712915608,0.08757875827237407,0.48978232978012276,0.11494405988910249,0.022176488254977287,0.5116082543430507,0.003967488644672692,0.03178036300635548,0.005126084235227317,0.0043081932616439896,0.006005472592124383,0.04787222166405315,0.16117024672962263,1.0,0.14161679394563065,0.09840620738282847,0.11500190105547718,1.0,0.08301040878424683,0.4858599527738999,0.010159792365873213,0.006510573352774618,0.00435799801975475,0.15260659293926992,0.20401995510202015,0.13350253006563392,0.008131307197834937,0.019555037716940223,0.0853746059813316,0.00799850793168739,0.18627400695492705,0.0013643201551270115,0.33306947573995876,0.06673102418846204,0.0104252774777466,0.009253778789112448,0.02893884797477591,0.7346289403850722,0.4703340428428903,0.20954620611340352,0.0022923899646061234,0.29768032697085145,0.5643735964031268,0.09639730919927117,0.1428237495892526,0.4958232079495634,0.21345776119882018,0.23055888879574762,0.11548760864928297,0.21597932190547764,0.31970396603022594,5,cortex,pan cortex,L6,#006fa6
6,0.45963443574430374,0.3645074957420084,0.607733597764135,0.1338641144090107,0.03612364366093116,0.43023617661572633,0.03449161752062578,0.10525356107532481,0.164901385467236,0.037972486259125034,0.5069434815214838,0.11868338289636854,0.07635172684163624,0.12058115854612468,0.0046004939197358315,0.029663062798555982,0.008216583944231316,0.0041796267920594585,0.0051575953076345715,0.05428801476781497,0.20377548512370094,0.1889034341480746,1.0,1.0,0.10589691950591168,0.48826320232546555,0.05029075285127859,1.0,0.019533990547519954,0.01554747245105184,0.008039358232992705,0.17629872672874985,0.28521378680379905,0.21662518747684334,0.00976304299200148,0.05849511358150997,0.1223182870417078,0.01266527089527062,0.5065425548541439,0.0015644272251168862,0.3065728932113019,0.06637371606550099,0.009967962305885569,0.008447372251853446,0.03851947304910364,0.9881878090139091,0.5777926935679272,0.3096608019323174,0.002282270037117276,1.0,0.5726682485250307,0.08438650037614474,0.09375781922390176,0.4408279891898808,0.10922729617774124,0.14991752360790556,0.03474359016489845,0.22877868206652302,0.34133459507059166,6,cortex,pan cortex,L5,#a30059
7,0.10426581213671413,0.038643561913079216,0.02150804868659073,0.08594839943649067,0.06029242498995229,0.17732321451191893,0.17507400011999638,0.06958424253854913,0.15028280451096018,0.6196437833336625,0.5571260520093929,0.023556905000121742,0.0020652070763132442,0.00989006052087076,0.0013775995024986666,0.012756613536174506,0.0014938295293904066,0.001118937845657729,0.0009744096285940564,0.002026883544593184,0.00546635570702928,0.008159293778439169,0.003895818534113382,0.01607677811257445,0.03803125567178074,0.008643187531689862,0.012985469365629183,0.021741073733605423,0.001530575765120745,0.004344682259308376,0.006917041879786712,0.05797604232127784,0.06287791597372962,0.08968158175694263,0.010680794872599753,0.043308973836108176,0.02178176623723577,0.017189810328159475,0.04533129046777759,0.0008439989651393167,0.07106368749155405,0.024526933823941447,0.03259917492319563,0.026875620304483535,0.0264758474863181,0.012198532318584336,0.031965328277151,0.025174266616229023,0.020782161285787658,0.03175147388148746,1.0,0.03878227478116929,0.2523041837443494,0.5972789418317921,1.0,1.0,1.0,0.0015320253519363137,0.23418408386856945,7,white matter,dorsal,,#ffdbe5
8,0.360178488133505,0.19800590433502935,1.0,0.14399704993465703,0.03863670922834462,0.3823141185735968,0.03277440619854718,0.12347392943176107,0.1818874218632785,0.02436358377835294,0.4980735322861233,0.04042415831408135,0.0055589835086342285,0.0322958150517688,0.0025472448682355513,0.022021024732420753,0.005709006449788327,0.004010786039771724,0.0038986681408892687,0.13976930369225066,1.0,0.06753150946870351,0.8135820175233306,0.132535789292061,0.03098509620836701,0.048606403610096244,0.006870926769689743,0.8043983518566058,0.0065093427281159855,0.02605861339749878,0.009022624901117817,0.12998167340214012,0.2059591788743525,0.10743087854319407,0.003990877657553681,0.023332262244497325,0.05221241634098042,0.0069493932871763225,0.18604694569423916,0.001213766671777874,0.3331378733355849,0.03390023614632632,0.011101934492025865,0.008775537839395813,0.04655560814316765,1.0,0.17028711135363106,0.23907887389618698,0.001918021622177455,0.234020449471476,0.4561901517002546,0.0512048181872408,0.04408731182772912,0.22365482898960418,0.1432585939806982,0.18080712529257428,0.028918663203249394,0.038107192736526505,0.25387716691965445,8,cortex,lateral cortex (SS) ,L4,#7a4900
9,1.0,1.0,0.10864254774540232,0.11849222050590434,0.0845119988786814,0.5011311181912786,0.04882492177869978,0.04955204696105511,0.13829998864071183,0.06672541536428751,0.5260146731636277,0.3539154641429315,1.0,0.08729265788947248,0.006506276511529857,0.057938168150646854,0.025203987875462314,0.005479115858691275,0.007811604023021831,0.019392973244586116,0.0205512608272365,0.028602722252239966,0.3378039561978072,0.17034463052522836,0.19922511123348677,0.3171131939818805,0.04851046237927272,0.07804052246644247,0.12822372700773763,0.004353098578368126,0.00843938022296589,0.28247795303122186,0.5293194983440291,0.18362438837834424,0.05738948247212973,0.022724062383966893,0.23352983923987738,0.08737902669948304,0.11982568439917445,0.0016545967879273802,0.46928462160497636,0.4470118703300011,0.015430030398648827,0.03345980096110299,0.006427610653117801,0.1494085550125045,1.0,1.0,0.0028282020176289657,0.23078468791944623,0.7503863283296281,0.1438904269699022,0.2054516965459963,0.9757888439139022,0.09015830933051984,0.1108069447256236,0.020329134861692296,0.3971107684956038,0.4605345218622249,9,amygdala,basomedial,,#0000a6
