,Astro_AMY,Astro_AMY_CTX,Astro_CTX,Astro_HPC,Astro_HYPO,Astro_STR,Astro_THAL_hab,Astro_THAL_lat,Astro_THAL_med,Astro_WM,Endo,Ext_Amy_1,Ext_Amy_2,Ext_ClauPyr,Ext_Hpc_CA1,Ext_Hpc_CA2,Ext_Hpc_CA3,Ext_Hpc_DG1,Ext_Hpc_DG2,Ext_L23,Ext_L25,Ext_L56,Ext_L5_1,Ext_L5_2,Ext_L5_3,Ext_L6,Ext_L6B,Ext_Med,Ext_Pir,Ext_Thal_1,Ext_Thal_2,Ext_Unk_1,Ext_Unk_2,Ext_Unk_3,Inh_1,Inh_2,Inh_3,Inh_4,Inh_5,Inh_6,Inh_Lamp5,Inh_Meis2_1,Inh_Meis2_2,Inh_Meis2_3,Inh_Meis2_4,Inh_Pvalb,Inh_Sst,Inh_Vip,LowQ_1,LowQ_2,Micro,Nb_1,Nb_2,OPC_1,OPC_2,Oligo_1,Oligo_2,Unk_1,Unk_2,region_label,location,region_label_colors
AMY_basomedial,0.6286089385858624,1.0,0.07632984486884664,0.12089968192170644,0.048664873014506456,0.4810606262675118,0.0513600973303492,0.03158619617569073,0.07745241166578798,0.10505766598206515,0.3419614276212959,0.06706206982713832,1.0,0.05447229625780098,0.0059434106061498175,0.02610372910035785,0.013230261235224234,0.005769440083671645,0.008781913184528806,0.011359015798011756,0.012272200448925184,0.014449738260904942,0.12132419999712696,0.05829942760748827,0.13462178428919117,0.13449853951436824,0.026622099476338496,0.03814558235219312,0.139871565548534,0.003078263388449881,0.004929666844618835,0.1748798503231136,0.009899850108434567,0.0036393351214150946,0.07008821582394353,0.010399586234846747,0.13514552196994578,0.049130482498849624,0.04298542713195302,0.0015998680241136854,0.5069273916367446,0.328125047652198,0.010445718307273734,0.02387156862158621,0.0035208231966204,0.09307342431095872,0.7561016494853022,0.8694669425164593,0.01299440557715665,0.12255554199059956,0.6590139143943466,0.17512304513035373,0.2158697318857965,0.9286718642942533,0.09338482223094759,0.059041011361623034,0.020855270404574,0.3389131705859475,0.3594635803413998,AMY_basomedial,amygdala,#ffff00
AMY_posterior,1.0,0.8430326546163205,0.06079700838426886,0.13195696117329753,0.1575163783093641,0.4206867968117522,0.0972853913831084,0.04754012772871151,0.10841591682211621,0.2007217888880467,0.38387217169620397,1.0,0.1838026875588582,0.015495361223389148,0.0032305123005964965,0.02224841563633678,0.001845971700461675,0.009875890033351686,0.012069058241820653,0.004112494055014875,0.002731578494220968,0.0064933189303961495,0.0075045745928381,0.010460827708254827,0.07731149750440225,0.02860178975393117,0.009221736853105615,0.021292695119694657,0.15007083883660371,0.002692434568981864,0.003769984520407787,1.0,0.00915334055315901,0.0037999558025432058,0.19300127780881202,0.00986612197113807,0.21134176636996985,0.10327710748187588,0.028149656056633336,0.002064693450389029,0.7966259258208255,0.1444959516606191,0.007533311953655234,0.007055015967363088,0.0033392208057371605,0.10688633700084872,1.0,1.0,0.016864313920729672,0.06355365013727603,0.46733087084418423,0.24808560086519965,0.3567907524250491,1.0,0.06576232894500589,0.02577324239056966,0.012298405269223434,0.27826435773051744,0.5682331882526241,AMY_posterior,amygdala,#1ce6ff
CTX_ L5,0.1290487229825872,0.1265966893526248,0.623736844305944,0.14305006710672422,0.0265148328469035,0.34265827122476894,0.029615986020891407,0.11804415255268423,0.11071608405152493,0.027007105325277357,0.3274949004465153,0.002113302139703213,0.004342495041261733,0.04469676969776041,0.00236385939985725,0.010824918157361745,0.0033399610381460243,0.002016443745872042,0.0023764520758234615,0.04601486373895878,0.2135713406786963,0.17086591823398461,0.3367518913330885,1.0,0.018920234712287494,0.06944400679001997,0.010014362584827928,1.0,0.002179169437307662,0.02563689352476355,0.004438530321612363,0.017215363635384808,0.00336050310596101,0.004262394872573459,0.002826927700970557,0.03360553443311492,0.039022155522553954,0.004817604832155996,0.2904527594321384,0.000901099044230749,0.23019694715607786,0.019614965435395655,0.005355102387807157,0.005468505415436795,0.040628769323724036,1.0,0.28665415242052167,0.1645619274604625,0.0021025942472262015,1.0,0.3656843970359575,0.02498749810786934,0.02700086686317182,0.2264144598698636,0.1130537488415527,0.16603219416233983,0.05239058717167198,0.05520440495704114,0.1773566575670787,CTX_ L5,cortex,#ff34ff
CTX_L1,0.12126720176354083,0.19155069382577636,0.1871687908260586,0.14689686636443533,0.010731874313452258,0.18857549736323853,0.01638699134153219,0.017930816281341033,0.027251673692313287,0.04592257225877451,0.147797145752964,0.0018153851200248571,0.007018169625964191,0.01392286476666507,0.0010974657514861857,0.004469374063484059,0.0006973576209908858,0.001912140723320479,0.002057596378155298,0.13244067720955283,0.061384381234362,0.015353442007313638,0.03300802707767898,0.020616514751709305,0.013666292343885188,0.020448922025302196,0.003646546730820256,0.11481953682666175,0.01307076797254642,0.002499936183442589,0.001589720534760154,0.015287507492926573,0.0021807629938307618,0.0011000378217293244,0.002629412489964076,0.00227258432161345,0.014805856097114056,0.0032385940780695482,0.011325670804528535,0.0006607282525166149,0.3040946235411554,0.013810616694871828,0.003300843880603527,0.003169491248489024,0.00359299446651715,0.05754930156942616,0.05395677232358775,0.1754033099662428,0.0034025275917374444,0.03729934447494586,0.21297536564108124,0.018461374566284203,0.03186404470083027,0.16440288165137243,0.017904387050667252,0.010898030501675201,0.004465538098563231,0.052516089255629936,0.12478006142237622,CTX_L1,cortex,#ff4a46
CTX_L2/3,0.21831175034066913,0.44121081430625403,0.591265971186877,0.15590424213918957,0.01790566818606633,0.43997427484937934,0.028266464832064755,0.04358109770817199,0.0722793798234711,0.027919725504117823,0.39785187699078056,0.004434655610019312,0.03191511375572726,0.04442853530833664,0.004443078121791589,0.014675009125635866,0.002415397112994015,0.005637759266612613,0.007741847994420855,1.0,0.3262206251387363,0.06183795595186443,0.11786429767512982,0.05111662761757127,0.05975178935296928,0.11978420491579066,0.009036592340017092,0.528854371967784,0.048743053548929154,0.004978465574741873,0.0032417376441151516,0.05070751303738166,0.004130376314672747,0.0024455242302483713,0.005741297000818911,0.009121359810308568,0.05206602526128124,0.0054722152677836216,0.04607281395303108,0.0010412301698689082,0.6996354412442495,0.05697274767540431,0.009530789414484075,0.010204118638552967,0.012183819362675567,0.35042255340340445,0.2290302531133145,0.7042766836216974,0.0020222642343022653,0.11560758361647375,0.577792399401148,0.06964539003077043,0.07787276530487182,0.4160523968387962,0.038766745196703103,0.028458219226938686,0.008601601628432208,0.16853169515774225,0.24746011770733775,CTX_L2/3,cortex,#008941
CTX_L4,0.17119034580531883,0.17369059343890791,1.0,0.17375003853410728,0.028252873295112942,0.4129069823463187,0.036320034410843346,0.11487295121190759,0.13277977182002304,0.02258627172575668,0.45361134512225576,0.0023936099146556885,0.005419252198111974,0.04561530695146366,0.00256754929127458,0.018519136307964177,0.0046906379681885164,0.0026935368927514494,0.0031699072735388092,0.134546558578826,1.0,0.0762324961838533,0.9091801136777835,0.15592652524561146,0.02114934140540505,0.04912425396534055,0.009945308718553076,0.5957929557581348,0.010991044633602287,0.027165773711165905,0.008937898175886012,0.0260385940856501,0.0042816859186092775,0.0032122098435504827,0.003650156436794724,0.014774987163955743,0.04006954599695262,0.0057622147931836055,0.08844226615088924,0.0010511807570166378,0.422974392689198,0.024319975416254743,0.007951916371557037,0.008392681478968418,0.031766843239810494,0.8422041043796193,0.21991886720828122,0.3177200496730098,0.0020390279231951793,0.2666953521235519,0.5176331694750966,0.0345697586281951,0.0257537727495877,0.2371806807241292,0.11657212075327578,0.16177013762611575,0.03316452171821236,0.02845068459614198,0.21658281558435577,CTX_L4,cortex,#006fa6
CTX_L5,0.2544998047933177,0.46580852746655865,0.435945720308086,0.1514321879716234,0.025950402020578682,0.509377401501896,0.03535288166362379,0.05869873943814269,0.09320156312255833,0.037124525904833984,0.3697299257992486,0.009893192881865784,0.1263820707181737,0.16532334404205742,0.004513186705458967,0.024787751168691585,0.007462540638837822,0.003944132348866023,0.0061405662228098245,0.048581030562316635,0.14786834801949106,0.16005807526424357,1.0,0.8980315279206192,0.14682266337655175,0.6316160056367678,0.08846156434046912,0.4182202275424059,0.031459525396020406,0.007922420310432004,0.008004314599997965,0.06250109116685766,0.0082134648537178,0.005816133650903874,0.01150409515384512,0.01930120669211884,0.12025048810996145,0.017044317837949796,0.21394099050372634,0.0016046231284314264,0.4470980005473078,0.061427518027308885,0.008020353678393845,0.007993059412280762,0.017723669773761795,0.621693522488836,0.8167322969192093,0.3891159218032506,0.002393079982299325,0.8292596737198918,0.5305701161548105,0.10610060212992356,0.09648881894724713,0.44635591124140006,0.09029421309880373,0.07911956213599601,0.022864775593758945,0.3173040739202968,0.34745112021464614,CTX_L5,cortex,#a30059
CTX_L6,0.1911038333072497,0.26979552190173955,0.5093374509420122,0.1815336422227597,0.024874075716582986,0.5871535775649888,0.04257408339222851,0.06300442789743743,0.09742266581846662,0.08042249468666456,0.4101447486519078,0.005597847820375371,0.018128637794663102,0.5709228993294626,0.004613249048998375,0.027437426036881978,0.006074877258489867,0.003748540794201395,0.0055641773007325665,0.053863677044067276,0.1800665134183348,1.0,0.1437706631127439,0.10970489218567755,0.08824803338298894,1.0,0.08300379780791511,0.4031909785454139,0.008772965012611579,0.00708639384854461,0.003771719293227444,0.041190528257855054,0.005188127116266025,0.003238752816429744,0.0065373659954381476,0.01253770418350843,0.0673513638052384,0.007662182878810692,0.09568338719090339,0.001200877260304427,0.4442473891062719,0.047222619906180915,0.011445503737433643,0.01263423073787952,0.020910880905551227,0.6572857091696657,0.41458579946281454,0.32257105148356174,0.0038116794093336426,0.31591426580514875,0.5423550662307506,0.07620361853026039,0.09502288577787897,0.3879190480103776,0.2006415858065765,0.2152704542669844,0.11341493651497639,0.1741029941054114,0.28403008755617953,CTX_L6,cortex,#ffdbe5
CTX_L6b,0.2541856590715382,0.5003521224242691,0.10193876680394283,0.17588466639488734,0.03135644773497642,0.6383976180373597,0.05876297311625358,0.03441595783248838,0.0761125498563694,0.18256527346764315,0.3872925503098129,0.015200213088598178,0.08891962020152483,1.0,0.0039008686515101636,0.02015251123275133,0.005539739452104673,0.004001526857147505,0.006668487568802906,0.007588743388875385,0.01162863870616096,0.2807090544347294,0.03298604733240314,0.020404728259661106,1.0,0.3815990382630773,1.0,0.05273518058836548,0.026510737564793052,0.003172941702867301,0.004466526150229052,0.08531281384927172,0.00801574550254785,0.0039479326506153874,0.03621280518633768,0.010136276089594047,0.13483453007172647,0.038240524894359126,0.038267267696960615,0.0015071239945530985,0.5730978589562304,0.14148250371685264,0.01818510460948962,0.030278379698463895,0.00431734899437563,0.08528548073867157,0.685951993186524,0.5407774652606661,0.005005685901456416,0.1692228367945683,0.6352441221360625,0.1533010760296637,0.18233386454747097,0.5633384626182865,0.22407496985250314,0.15079847613513073,0.18185959885245975,0.32132199754015617,0.41402425447997254,CTX_L6b,cortex,#7a4900
HPC,0.1743937962560578,0.2890300297770432,0.11827602087234015,1.0,0.030345953979344812,0.7543426513474797,0.05071441058109422,0.08314430148102127,0.08858449651837982,0.24717176619593287,0.38805482606205516,0.004024926947599391,0.01019255224006833,0.01691060098254782,0.04890054524302937,0.1321323303987891,0.04047589002136329,0.05434040039774808,0.059003856230620946,0.007264169729802615,0.011914981772337479,0.010840178138379527,0.009915818576603896,0.015131887939052666,0.029564473803378982,0.027686928029435502,0.00967605454314522,0.027215937930389292,0.00615053219951223,0.023460173390173745,0.01011380992784542,0.03585219849624249,0.002241589121351747,0.0020929822715246476,0.00476004914594729,0.007993045854409726,0.029632395255917987,0.006456391621002506,0.026842956283698458,0.0023467188131648256,0.5908833450750309,0.030304562944081254,0.008152731430418716,0.0079510181002698,0.006095180783397983,0.0951976950788651,0.2233378394914322,0.5032470571844355,0.0031064655256522293,0.04902179665900234,0.5933587867321206,0.08160615249240596,0.11718575096039503,0.3790430691567183,0.11085551466496356,0.049656125930687245,0.05410223122786505,0.12475482277149876,0.27685917263935866,HPC,hippocampus,#0000a6
HPC_CA1,0.26715188103298637,0.5319815344998913,0.1573475905686842,0.23053396563549527,0.023894122632429397,0.7714009887641685,0.0360606056295445,0.046623555483754554,0.08063881275959217,0.07931339125568336,0.334979203760884,0.03036049615606815,0.050394737798548195,0.037291096715426165,1.0,0.1998748791603033,0.019670442878016853,0.020615635151650845,0.024615700520628975,0.012752504695408043,0.021207472427785704,0.03384181060326332,0.024265321073150527,0.03010766645649887,0.09451625857768492,0.09547147395648972,0.01600488758919522,0.07802249831189674,0.02189556881924612,0.0063331772859400275,0.00400936457811564,0.09837244534688167,0.007062663284902016,0.003978594380444986,0.01373497636272447,0.012796665334696481,0.11353463657506536,0.010690291605923836,0.06063177446626132,0.0018485785894956643,0.732576954144861,0.09324229065328518,0.010848020914359982,0.010608915448402546,0.0070953281527995436,0.4754788568059034,0.3299699807909468,0.42107648745459353,0.002943046979838828,0.11213551308693517,0.5243427546037381,0.15316692280509503,0.2052795429679192,0.4984141449820666,0.07840201261881244,0.04219442151975001,0.017917717463282988,0.4360942430480936,0.3957748656466588,HPC_CA1,hippocampus,#63ffac
HPC_CA2/3,0.3978402051239945,0.6312166250782717,0.1318110772647369,0.2809519942458936,0.03833470975356701,1.0,0.08108752777275206,0.09553242656944615,0.139289014822255,0.1061664678100309,0.4462318998059173,0.09385845025989663,0.053131861598195086,0.06256647452612861,0.05996108004857025,1.0,1.0,0.02475033891022453,0.0511149044083529,0.010136175517246538,0.00984533933863639,0.03417207774704561,0.02602458196959347,0.02433974448925304,0.09212019194054938,0.1309463643294184,0.0197695631966512,0.07768185773400184,0.02493584758327992,0.016183474126718493,0.006961563072614913,0.09597974718679865,0.010119020492396193,0.005406308507768231,0.016364103701374613,0.023018086534887103,0.20020628569256838,0.014226337051851206,0.16134341338688651,0.0027863464405552254,0.6998522537009841,0.10057760328827414,0.008849291010169234,0.008246042233668982,0.011390374444521997,0.32037058025561443,0.5792600735244086,0.6527826285247081,0.0032944797861199243,0.1956343120667331,0.5366292940735901,0.23645356028163245,0.20685052163393525,0.5337996921546257,0.12248199202438938,0.08259492414743073,0.02993698605928966,1.0,0.6502090745384304,HPC_CA2/3,hippocampus,#b79762
HPC_DG,0.2544478026690062,0.4602445222638531,0.21875674809554424,0.46028887223823794,0.04087075315512834,0.6952592857922224,0.05369282005395939,0.09088070741508009,0.11362947770978421,0.20114772318800397,0.4226763274494926,0.017751524157742053,0.03600523029449465,0.025652512643934526,0.004811451448823714,0.06824502826122975,0.054307289814404566,1.0,1.0,0.035544241397867785,0.02731428912181785,0.015126417662096022,0.020339439077919557,0.02326412537002587,0.11333267683155826,0.04876403268702952,0.00996321342800707,0.05371870508214924,0.05567265443411486,0.028090095742811842,0.008477281591543885,0.46517083520781455,0.008291861420473341,0.005862780371694364,0.021288895352594667,0.014349478561548997,0.07882626658143829,0.02034463160938604,0.06494152912965323,0.0041240981541439655,1.0,0.05886151377606522,0.009519385075893345,0.00970062263670255,0.005865244385451938,0.2895182935087105,0.224705862592481,0.7093444914205383,0.0034113228591791246,0.07522352966231893,0.5570955558128595,1.0,1.0,0.4872553908745211,0.10228873080036631,0.03695540760219827,0.017377771320093327,0.14772099878373277,0.4911021917248217,HPC_DG,hippocampus,#004d43
HYPO_dorsal,0.058744009072820604,0.03526477189825425,0.01462622199361484,0.03756266312941817,0.8879272292273735,0.07830118980317496,0.10935763543530636,0.12278159413665374,0.18184238660262528,0.05304230439952897,0.29648803253013645,0.002038359053203986,0.0019114303019068146,0.0044630659421660505,0.00037414313317073595,0.0023942155199235403,0.0005486638479404676,0.0008330769119443008,0.0010615503631211049,0.0011396504232562595,0.0016431727987067308,0.0016571036256717174,0.0026017577127846908,0.004494907514958181,0.0146497012278102,0.004831611544854468,0.002297158767546454,0.015441571442764137,0.0008835288405022214,0.013522136313075223,0.018313498040079396,0.02108463967992617,0.050786725494862885,0.017067777862833138,0.08106848422167501,0.1706910666483471,1.0,1.0,0.15170562842332183,0.0036686714269910242,0.07700215772520691,0.0303979555586453,0.0023961850663202816,0.003605359189174502,0.004162268861711139,0.010194279131798727,0.05381491176549553,0.126647763749216,0.002243592016518867,0.040373084019247316,0.23099711122239827,0.0508610545011505,0.08599508329480744,0.4466370094820034,0.130077844782577,0.1191653121605871,0.10562662539435283,0.015865700326569653,0.5759966956775561,HYPO_dorsal,hypothalamus,#8fb0ff
HYPO_dorsal2,0.0588863342536319,0.03868586420139505,0.023188080946239645,0.045704152560680666,0.3784629147807641,0.07889776788066932,0.09283014541595463,0.7273423097063692,0.3799123318555277,0.06683666712436787,0.25178353626959477,0.0015849805696559248,0.0015795066930928245,0.004152773759657382,0.00039809544515175205,0.002900876662358354,0.0008327831758040608,0.0006785229161541366,0.0008680220833792247,0.0013260078632318377,0.002575464698353102,0.0022633752941959417,0.0027214500051353256,0.010093288115820167,0.012756369109509462,0.004615784324701691,0.002447358377322519,0.018962484729311724,0.001212839468344195,0.051354231320773706,0.016417739004520746,0.012062325261549434,0.013601323683490202,0.004343268456198736,0.014530709892091638,1.0,0.15608880863759098,0.153668434209091,1.0,0.002394263251516674,0.06165305571481244,0.021047829558008203,0.006393362617466212,0.006117015503764749,0.03215909232018876,0.058598920809187244,0.0423263838356463,0.058787021833234775,0.0023061881028560716,0.03429105417006258,0.3196734023232019,0.015536207835565705,0.035301700710798405,0.2810213331804581,0.19062293541209044,0.2443536823865559,0.19802385852818086,0.009051913608390678,0.20006044902007605,HYPO_dorsal2,hypothalamus,#997d87
HYPO_ventral,0.36825191534604923,0.3036465301352255,0.026326541411950125,0.05930034205611769,0.48855202016234833,0.21982219962835908,0.09457173278034763,0.031610256312619246,0.09146648568174312,0.15956991150522173,0.3241419771307354,0.021376612514582075,0.05794219547595842,0.00838019151515079,0.0015799338992850793,0.004890442726414415,0.0009435646579360912,0.0023423178240683253,0.0039988406510846515,0.003721868697572701,0.002643842930571031,0.0034687802819060804,0.004760118673032043,0.0068041385496095475,0.06786362542285966,0.013299335576790909,0.005814718085754784,0.017599179766684885,0.011472677025947101,0.003267070918632642,0.0038384540822818305,0.12143282856533365,0.018167545499893592,0.003585027010205461,1.0,0.012077980715523568,0.33169581528829334,0.573015713006111,0.01691934376493864,0.001860018519149304,0.1999943366954669,1.0,0.018873194550921818,0.10272887891174384,0.0026030684549712382,0.012616178675057673,0.26347588455000664,0.18818768942717964,0.0023118196857627397,0.04394710996430673,0.36066822334088894,0.09480838278937652,0.22224822933278288,0.688363791464963,0.09924311838412406,0.05374334611466863,0.042112303962118534,0.10053521467727224,0.5245709758566686,HYPO_ventral,hypothalamus,#5a0007
HYPO_ventral2,0.04760545363983121,0.028066922277534212,0.016668530663856405,0.0330899109262096,1.0,0.07229704337874811,0.06442557354407032,0.45367489383347337,0.37973444475215573,0.03584615645938402,0.3874311474668102,0.0012085863392056317,0.001232631481386137,0.0028476754466138722,0.00029482085144626495,0.001617219376043468,0.0003436186443197789,0.0005653328784885932,0.0007131477730828439,0.0009335596298041532,0.0014737931754890308,0.0012126155198586435,0.001603326334664886,0.0031056726052961403,0.009336830056600864,0.0033591580674146647,0.0015125391868722436,0.01108110902089658,0.0007357086101837232,0.01592156858294091,0.00448119374871231,0.010865188215015838,1.0,0.0030533070903393162,0.023338786951708757,0.0799629759465267,0.1440109127458864,0.25945654405961,0.3761674630974153,0.0017802500125568646,0.03660559788399037,0.016345881146013017,0.0018636459812065593,0.0019296381199109267,0.00909084893791882,0.008419200831743833,0.023727852352162574,0.043603741174258234,0.0010726546748811004,0.023739892833824473,0.1841871619298273,0.02827247674855034,0.08421647244579278,0.2384316639464669,0.11807619869045578,0.08946764082621757,0.11428867761212674,0.0095582212084344,0.4267998858716292,HYPO_ventral2,hypothalamus,#809693
PIA_dorsal,0.11601807371086957,0.24247368609931097,0.07842164484533645,0.20718263771296463,0.11236313258152596,0.1701580887111441,0.12505681598531107,0.03688296067529991,0.06201938474599517,0.4280117645679972,0.6709895112061028,0.02604983903412237,0.012773138550388464,0.015083205784722237,0.0012377950998125266,0.008848834847525121,0.0011354964038634463,0.0047636141346277345,0.0033491208923366205,0.0451230009505327,0.02487269563170736,0.0072320444236476725,0.017801411458645732,0.014683831322763654,0.053830560931176365,0.017961816221115968,0.006614481454997983,0.030877954880676375,0.03328591062870133,0.007703541280199756,0.0027552713080827157,0.05004854472648843,0.0033155561523576078,0.0021071256139611532,0.03297494815630963,0.005564306290949953,0.027126502690546665,0.03998716328733816,0.03012640145386749,0.0024092788681332727,0.1863494886643416,0.02736453541520096,0.007919523699949303,0.014819175049433917,0.0031030745517373302,0.04168420148759364,0.08135466836770734,0.06950109754504108,0.10472263352924839,0.027039333547066023,0.5678696176839584,0.03373569097500888,0.1691918342566695,0.30662340813203215,0.0805192359582427,0.03994664100364922,0.04138218207416493,0.02390205538890182,0.5644408854496076,PIA_dorsal,"pia, lateral ventricle",#6a3a4c
PirCTX_L1,0.30916448096945676,0.6548456314608534,0.056037866287062456,0.09468440971376131,0.027176207869676623,0.2573476824607213,0.03605863634848721,0.019030078693939276,0.039392141255698315,0.07853508068923304,0.16344560368122693,0.020628771271306894,0.06818679992081969,0.06919775455476089,0.0016782583727748253,0.009484868982128795,0.0021774551003770864,0.003931400399315898,0.004587530307915836,0.022003878129176,0.008555619976273672,0.0091924437316731,0.06019261540471222,0.024513582259709905,0.1311584054215371,0.05975071247115653,0.048172162418263706,0.02367820683346159,0.2421523824966722,0.0026094123340967184,0.004877529269965227,0.10714227030715784,0.0036388320132842355,0.0021707918837136266,0.027555068787485527,0.00551762654672187,0.047253322633498206,0.018506805593707574,0.024032107864570662,0.0009352013880278171,0.3755021739495238,0.07638911103640984,0.006646164466898824,0.009377483176735844,0.002230280695844874,0.047663890165768434,0.4827493623571199,0.28215437897401835,0.0037698838706675913,0.0545049122547273,0.36655817451491585,0.07337662021851776,0.09129629247387662,0.44408898038219036,0.0421831381048411,0.02121088846287136,0.010495025461837507,0.16029115571068084,0.3074924115921465,PirCTX_L1,piriform cortex,#1b4400
PirCTX_L2/3,0.43704761637945866,0.9312107064990094,0.08087390405316969,0.11455101964711355,0.03352374625122042,0.37830152350310775,0.04845940466302019,0.029318940160577935,0.07009493215775173,0.0486615069770196,0.28828816970770477,0.07367243551957256,0.23175808423408314,0.046953195349232014,0.00589359152595257,0.02495713366396942,0.005805025221502236,0.013167506517608797,0.015792713924160432,0.08824988712123752,0.014440906275323493,0.018344916749364424,0.09519053570549227,0.023887664355184572,0.11149245673586079,0.13921721704100504,0.03609231124270074,0.05577243920451988,1.0,0.0034619722541885016,0.010485947746037106,0.23135023798599536,0.009867571585572782,0.003350963346189229,0.06402456428673096,0.009123437244351426,0.12644608929213275,0.02837412532609295,0.03440834608119952,0.0018008573124360344,0.6459548559844943,0.1852673045131192,0.013121921455532546,0.014897553797199882,0.003552705905162462,0.1302554652733634,0.651707275262874,0.8660043260052543,0.004888907922475192,0.1167713336776854,0.5181899225549625,0.1553277057339936,0.1571586818083027,0.8178821396317167,0.03647017468551438,0.012115915045761351,0.0038268006158129098,0.3980200058440475,0.4278435031878362,PirCTX_L2/3,piriform cortex,#4fc601
STR,0.23607320903224108,0.384897605916761,0.2932705296840215,0.28316943690284646,0.03350510158352452,0.8459158469603757,0.051973628572411106,0.04595059617327779,0.07024806428088683,0.2698095111580092,0.3896932359690615,0.003708190108737089,0.01998347613530864,0.02419917122770684,0.002169551522256751,0.01612359583925847,0.0016706405779162163,0.0022231422681490694,0.0029289508705602554,0.015963509493614504,0.028471720020287136,0.01619082966913986,0.017421831987924116,0.017923891407584804,0.04335879217702232,0.01888673143468853,0.012191519277843788,0.03640284510747376,0.011397487478322303,0.009069503092719266,0.0030164915668617113,0.0454134456132948,0.003402136914676948,0.002175684935643875,0.05644412354719332,0.009172086551001074,0.04013876029298876,0.018056683829150648,0.020241531595209927,0.00158364529391831,0.17716887843934914,0.21096508862902688,1.0,1.0,0.0066133577684618005,0.09947735284437222,0.12876607716859398,0.07318889762626389,0.009221687500297554,0.057895365881810656,0.7149554233064211,0.043339592960937215,0.14133873383540882,0.47769879691203193,0.2173969903353788,0.175587857976744,0.1954827949125328,0.04215588300568201,0.19076509706882178,STR,striatum,#3b5dff
THAL_latHabenula,0.03540244090555347,0.02523731586053018,0.012449347532091176,0.0342809931474253,0.26787580668196614,0.04823548756801263,0.10349114299994955,0.11094064552312605,0.1265739347341048,0.12043680960632418,0.12279076756516477,0.0026415451342608276,0.0018932257955063861,0.002974565578639737,0.0007860465370803132,0.003651719210419598,0.0004012890591923505,0.002311622688799498,0.000893137254431637,0.0013505049784213541,0.0017572774249393767,0.0009435328920119979,0.0016867360403990653,0.004192909207958564,0.009547162148237321,0.002644729238377908,0.0012532414093507618,0.00948827359696894,0.00133975645392477,0.016471343542938274,0.013934849293106243,0.013682815319500016,0.005790703257111713,0.005624429738437088,0.04339934987509808,0.08958183992649504,0.07125162552091936,0.16677325114420233,0.07725769109097894,0.043677842980581416,0.0532683387011492,0.015404394635138976,0.002145099036533129,0.0017083264761533928,0.004592940324646569,0.005824577041007441,0.019607778192078783,0.030185236175490314,0.003927884583654536,0.01675738276878326,0.11812821830538782,0.018007689045055817,0.062095349437843804,0.20350943121197865,0.07915418946298707,0.04920146629094153,0.04998361996063929,0.013015717095888992,0.37439795656196,THAL_latHabenula,thalamus,#4a3b53
THAL_lateral,0.062375541263011716,0.04602305467591782,0.020853419568249734,0.050006887644113526,0.1086819534877114,0.06404591148995602,0.07555828844538065,1.0,0.7472685509892399,0.023909348023656168,0.21353100459237023,0.0013670401140018454,0.001640840096789878,0.00631086315759043,0.0007446151965560479,0.006073932399527233,0.004162095477599106,0.0009783922240359677,0.0010307683201061482,0.002427223208876799,0.0034612496129132553,0.003720952943825881,0.0056298179888342684,0.014964993115710755,0.013868797151886223,0.008451589607350386,0.003748653421161523,0.032546440960171036,0.0015889338788607071,1.0,0.17240960994101787,0.01034406333721603,0.002107856583303242,0.00653163320242292,0.002335989634930928,0.015481315930789176,0.02007729735897117,0.0038623827872631923,0.07810654821112095,0.0006635767096739018,0.031165587427921505,0.011654245945266227,0.003195747530564014,0.0029504627602255484,0.01597796358602508,0.014068404167618504,0.01850026024209926,0.03325976574650463,0.0014971077457110679,0.034726669942171336,0.2750465361889717,0.008335253651839162,0.00865045269374845,0.2734389141077297,0.13711591820375632,0.3110627704638263,0.12337545176855691,0.005599575758064621,0.08593445049950076,THAL_lateral,thalamus,#ff2f80
THAL_lateral2,0.07678751793097162,0.052683643508006923,0.02906007742768515,0.10087542332723427,0.1649578394660686,0.11408033506949176,0.2117410056460554,0.8222510156386147,0.42129017886673015,0.16086701925461475,0.3387571308422419,0.0018894245614146335,0.0015830103549244702,0.005015889713216228,0.0004581942002092565,0.004791657413204306,0.001131042300780594,0.000751518807016352,0.0009593426225485956,0.0016866072393199264,0.0038574366453035082,0.002970970041218683,0.003568747624282714,0.011330559814382435,0.014739276496382793,0.00604803053940073,0.0026283714644650662,0.017631671155290365,0.0011400433319290405,0.1000206413639646,0.008994583252003365,0.01133965859966003,0.0028357477792213055,0.002298333232575246,0.007925379024966796,0.06975274134686298,0.06491970957567261,0.03600921169581418,0.14572667656071467,0.0008935411168550331,0.08367680286353121,0.014757646047709946,0.0037899787053644876,0.003381789901261185,1.0,0.10283334310373071,0.040854131244114966,0.04911620469984554,0.003971522316786184,0.03980895519197186,0.34432621040871797,0.013294736116244786,0.04201648647909742,0.30427753696831866,0.23280601698530104,0.31319553016228835,0.29066164678629736,0.0074799732518118145,0.13745935496915734,THAL_lateral2,thalamus,#61615a
THAL_medHabenula,0.07058951993073595,0.05300083964256165,0.0170014847169643,0.06471917376618914,0.27806467054344225,0.10245780202809472,1.0,0.07546416291249247,0.14023266003210536,0.7537253099686357,0.7289154966854181,0.005012642303457667,0.0031940874902395993,0.006268866313017276,0.0007661156479255336,0.012008565834687141,0.0018504276875445115,0.008923249354822716,0.0029871485473562625,0.002039147172034302,0.002745993566097351,0.002353257170127938,0.0035441035278196698,0.006006762421225916,0.026341931965441736,0.0075495532223912466,0.0037192916778062803,0.014314983069700915,0.0023546053657837536,0.019631424678405954,0.0552739844131837,0.04053501890106886,0.011290027648422378,0.011478396337154383,0.05051118719550995,0.009308767562162095,0.11330992717682332,0.22977653711329615,0.019227426504027624,1.0,0.05695062291295959,0.02729569213050538,0.004341177839268418,0.0040599341378664295,0.0023179828157470403,0.007597458412204345,0.03168251123167744,0.05996881575972189,0.03240069592720068,0.034713348041321986,0.5484185209969509,0.07475658516341566,0.30851360060304167,0.5639392466968489,0.38123735888947285,0.132799225598522,0.16660795148224727,0.012681595979590532,1.0,THAL_medHabenula,thalamus,#ba0900
THAL_medial,0.10548907818968646,0.08459672705653808,0.0299462168555686,0.08327841072118303,0.6296941918599956,0.14267102393287898,0.17571548560175346,0.6270337062004271,1.0,0.061211492322331605,0.42244044973862765,0.0022009464596402717,0.002444210970992327,0.007096846191617672,0.0008949047178669001,0.0048903351008830155,0.0011131697426371705,0.0011078766970894546,0.0013797358615815292,0.002094520563237075,0.004091792884217503,0.0033341547790373114,0.00579287519529142,0.007480630619212281,0.0172348174906548,0.008159295810227493,0.0038646988363825866,0.027611135187488242,0.0014916025414560452,0.26883695818365705,0.1286871276420837,0.017716389655138016,0.01552953596206721,1.0,0.019066638649504353,0.0268425336840357,0.5642494674467186,0.3255102030779216,0.07130085518338894,0.001894880209191773,0.04732076883059936,0.02466051364544917,0.003428227138950848,0.002967942938159156,0.0037046642767086073,0.010807718089622926,0.035559259989171504,0.05675126200525245,0.0016714754435900934,0.0733652237382421,0.3139020367692272,0.03465959317582252,0.06195521307288072,0.5937398776073847,0.13726476035596283,0.18530411371355066,0.1252200922716925,0.03408643449810805,0.3241030865926237,THAL_medial,thalamus,#6b7900
THAL_venmedial,0.06505805931210985,0.04358669303147791,0.01835476050786906,0.043776092363329404,0.4173530313514707,0.060490787635238685,0.10256091567751464,0.49187082153092204,0.7405802611142093,0.028698237273670064,0.16320682939220155,0.0020750806054409036,0.003350860554972791,0.006017951229932477,0.000665985315337605,0.005346159656574733,0.0025116610899166623,0.0020277106112443427,0.0014328511287421796,0.002244335105403446,0.002878703113769227,0.002588047690694787,0.005248431444313704,0.009294785373879682,0.021180989294221415,0.008088281179757972,0.0047008790294225476,0.019342587792765594,0.003075485373578,0.238235316057415,1.0,0.020964458942248656,0.004738266151234289,0.04617210902578453,0.011893581599594267,0.022831018139465857,0.05249699833275698,0.13175910523547227,0.029418268243564652,0.0034955690300094515,0.04484747415952003,0.016835253877340955,0.002654283969864443,0.0025601222869650023,0.004416957955646236,0.008073349548297665,0.02365264951904448,0.04694652215323786,0.0009706807500401496,0.03775105957861047,0.269769183437751,0.019733245386810382,0.02287428634543154,0.29561535567656877,0.10887501254887123,0.21809438090675315,0.05953065511747322,0.008137459247262962,0.17988685332585178,THAL_venmedial,thalamus,#00c2a0
VENTRICLE,0.08575141557019328,0.06331969737835343,0.029123086738196045,0.08145975369257417,0.1824357410509047,0.16147525133513593,0.10998514527958457,0.055275427609220315,0.09959989265708527,1.0,1.0,0.02889021902028476,0.006657975254395244,0.006166819839294111,0.0010060594392508136,0.006574367145748501,0.0010238829144480297,0.0019802254241784493,0.002340298407133884,0.004239061534193242,0.0053807393869739146,0.003985166342692434,0.004518844976079024,0.05838111841529078,0.09016557955472798,0.009375523741209242,0.005503821040874973,0.017907886403748886,0.005027530248469211,0.01967035764887171,0.003611818692396033,0.06358543545691378,0.005197791772132245,0.002968871316645086,0.10189304291793741,0.04981250590714417,0.0602004426470203,0.08740303712443295,0.7276140456687917,0.00512016408420416,0.06854132251574042,0.04078725315852693,0.06824077872823112,0.024381312789782422,0.01799318368385984,0.07837310452721284,0.03838418466617911,0.04966185074430993,1.0,0.03414095833656104,0.7421697731596745,0.04274898296541121,0.5317805014296875,0.34727860806184996,0.31586413080665593,0.12050371147688292,0.1754092612677901,0.009232579649698033,0.613882351099408,VENTRICLE,lateral ventricle,#ffaa92
WM_dorsal,0.058970585412916415,0.0471637595777818,0.020251478666141395,0.1198911243487125,0.05332392019331771,0.23896845841637693,0.2355830858136995,0.057179361518168374,0.10281447332896411,0.6704389842236326,0.5087235456073542,0.0023671997982812453,0.0020807406435351585,0.020409203755654377,0.0011124394829156799,0.011337120938422979,0.002533902315079855,0.0008344685945564694,0.0010366176308358674,0.0015665832005173758,0.003210130238753018,0.0075539619202469105,0.003721390533598106,0.012860776637453138,0.039028233575935205,0.014788459720936908,0.02473356417739976,0.012704740057514876,0.001710946126524063,0.008770469771932176,0.0056494525413628895,0.0189734076822945,0.0022517572869083387,0.0028199256758594366,0.012227971145025194,0.01855136180071498,0.032840046468640485,0.022060574870126477,0.027956243290121384,0.0012387651292165892,0.09299376224702174,0.038590138446097745,0.034772694675051875,0.026231824421970466,0.025536394675345298,0.008165428420457532,0.05126034225029095,0.059308410380945316,0.030482318919072184,0.029215019835529245,1.0,0.041346614320673616,0.21607988060444805,0.64108268866745,1.0,1.0,1.0,0.0019990195924326363,0.23675686296887574,WM_dorsal,white matter,#ff90c9
WM_ventral,0.06404455304196094,0.050766231812269386,0.03263742123666596,0.11278280375460895,0.07672641818501497,0.21815279193481232,0.1556469215468287,0.12811633533008757,0.13025903173821377,0.4279848981963739,0.3231864633548699,0.0029930606366009066,0.002850319045425753,0.014017844896484133,0.005764366715755825,0.01797589882040313,0.004251344974132419,0.0017960328713943789,0.0016633269049026469,0.0024489309593276895,0.0061547175888379,0.014488873125383035,0.00436469307183871,0.013653636696397669,0.02141230416634212,0.009452306070547086,0.01594777897557178,0.01727525941226644,0.002015345229203032,0.01765147320581082,0.0057056074539639555,0.02174370602645733,0.002669040653860614,0.005023073068363875,0.01529465963047903,0.05401777570810659,0.029990579701838833,0.020405077728920487,0.05469338883694296,0.0015547816818887632,0.10617921047608203,0.07723230612898242,0.0220176219795584,0.01584121740043125,0.016750468230265922,0.01605538842557335,0.10561982661348535,0.05259570891748454,0.008656464716752356,0.0382502685039435,0.5842508897063365,0.03823171473844836,0.22761755632476,0.47281010112722244,0.5232133583993064,0.43905052462255106,0.42787104243735696,0.010760463100506714,0.19978063199922974,WM_ventral,white matter,#b903aa
