,Astro_AMY,Astro_AMY_CTX,Astro_CTX,Astro_HPC,Astro_HYPO,Astro_STR,Astro_THAL_hab,Astro_THAL_lat,Astro_THAL_med,Astro_WM,Endo,Ext_Amy_1,Ext_Amy_2,Ext_ClauPyr,Ext_Hpc_CA1,Ext_Hpc_CA2,Ext_Hpc_CA3,Ext_Hpc_DG1,Ext_Hpc_DG2,Ext_L5_1,Ext_L5_2,Ext_L5_3,Ext_L6,Ext_L6B,Ext_L23,Ext_L25,Ext_L56,Ext_Med,Ext_Pir,Ext_Thal_1,Ext_Thal_2,Ext_Unk_1,Ext_Unk_2,Ext_Unk_3,Inh_1,Inh_2,Inh_3,Inh_4,Inh_5,Inh_6,Inh_Lamp5,Inh_Meis2_1,Inh_Meis2_2,Inh_Meis2_3,Inh_Meis2_4,Inh_Pvalb,Inh_Sst,Inh_Vip,LowQ_1,LowQ_2,Micro,Nb_1,Nb_2,OPC_1,OPC_2,Oligo_1,Oligo_2,Unk_1,Unk_2,region_label,location,region_label_colors
AMY_basomedial,0.915255750076124,0.9300885747840968,0.030823538762623188,0.05404584771362297,0.01790453534951887,0.316106386812496,0.020750117775260073,0.005322417495259815,0.015427660293057362,0.15254600935172147,0.3414613437715014,0.1010338421008157,1.0,0.03862243493247012,0.0026277640418371226,0.010533071300049636,0.007074860231700196,0.005035545904991043,0.00933613115638722,0.06411743914580079,0.024219207985400438,0.16269806994445446,0.1017395921532917,0.0136868674087369,0.008919914460517191,0.006920593118850662,0.025880495467494307,0.016889890002858485,0.2011473634491318,0.0003107777117865028,0.0007831977826821536,0.18729144763026895,0.00398400493144732,0.0008250202444721813,0.05167780120152249,0.002686265205978302,0.08058677901219274,0.022451339086789313,0.012716753216266414,0.0006446974660881034,0.3783548788112942,0.34573649595846445,0.005087961221771349,0.01471771511104597,0.0006076173776604638,0.05907356971798943,0.8901451599616803,0.9200349793341249,0.015230153666503014,0.06533672682654731,0.6444191710271941,0.12170349497826333,0.2046122900440544,1.0,0.07551272833249073,0.027216796024752136,0.009884659840020122,0.2624837265891568,0.3716537406624968,AMY_basomedial,amygdala,#ffff00
AMY_posterior,1.0,0.6214728064221978,0.01875214098215656,0.06606875519356524,0.04547696054361855,0.22734512814789742,0.037831450948184,0.007964226451463703,0.027230611822916386,0.31296867463287503,0.27158562480335846,1.0,0.20942809824969622,0.001267697616170631,0.0007355921458761934,0.007492257130945093,0.0001913700602197378,0.008972258424591317,0.013167883032217184,0.0004132191389411245,0.0012373011783079423,0.05027310306736781,0.0015007169267029423,0.0008234499109326543,0.0008785697365293203,0.00018576960660118705,0.0004657800004558028,0.0028187150417944566,0.13916505026825624,0.00017563145155673646,0.00036686511349846564,1.0,0.003008533026755471,0.0007521366674199796,0.14223960813145217,0.0017018981841273749,0.1322992747233061,0.03720993631755988,0.004881938026726914,0.0009272453859116536,0.630114779568057,0.1389050681956745,0.0023599489470476744,0.0019128060302136818,0.00041809895194102215,0.06019842501686048,1.0,1.0,0.018543982819300194,0.008371138180256268,0.3309255057462112,0.16204532451197182,0.3172489637394144,0.8895754196594312,0.04586446924476143,0.009297144376525863,0.0037470584645911444,0.1013497702149529,0.6082696380540988,AMY_posterior,amygdala,#1ce6ff
CTX_L1,0.38591698246320927,0.5243478741273254,0.2201256416285606,0.2252329356638477,0.009827147215173918,0.2921943958524701,0.011874243042638991,0.009400098694288837,0.017338624935709795,0.061820414176614484,0.24547580117173534,0.0018451442431898252,0.008159605832246767,0.01241200947886097,0.001118935287817349,0.003221824717462704,0.0006598321097700952,0.0019160154118070117,0.001399832683493661,0.07008826214571547,0.019461974430663057,0.006686655775281317,0.023896139400904716,0.002252114676741305,0.17548371057205453,0.10213244432042445,0.00899107392422531,0.16822174030415019,0.02505287625359665,0.0013856538797476195,0.0008846566949634319,0.008601120171216989,0.0020749714047444217,0.0009300521367544052,0.0020207461426825337,0.0011546484040525246,0.004141303045689248,0.002022462202084421,0.004791048679186277,0.0006320206984327907,0.5850965486884757,0.005749710746966279,0.0015446152796246837,0.0018565988711152128,0.00183587889140814,0.04475139088515136,0.0921386534731481,0.22683012265452698,0.007048286745136818,0.01764873020728395,0.34513925945546425,0.006482974091830597,0.017917060709808957,0.2732763352261146,0.024168583656342398,0.007123269905503452,0.0028641688523554317,0.010795002932020816,0.15351050001891547,CTX_L1,cortex,#ff34ff
CTX_L2/3,0.29982983411809994,0.6259922082717577,0.5986742928231417,0.1278398913650198,0.004960303859570428,0.36104279458193234,0.00700076954771056,0.012942582331982679,0.021307252741757893,0.023098628626582948,0.4601609450188792,0.0022489398426681247,0.030199499771028024,0.033142173588987155,0.0024143534753216685,0.004077063152828881,0.0006229712610578834,0.005156091596856083,0.006786956399583994,0.21720664744612012,0.018662968808228535,0.027175839100434352,0.1394394559458463,0.003292036234585405,1.0,0.42315044883110586,0.02895400769368313,0.7126737122734308,0.05105899011589371,0.0008452353971029415,0.00034294614550323756,0.021615817917502084,0.0008739055187351174,0.00032238548696261765,0.0013302212991474444,0.0017986188628295336,0.009214344629177466,0.0009641244089798696,0.01018467566196389,0.0002547457161293101,1.0,0.023022842003949145,0.0035364541761164344,0.004779699337348148,0.0054805039922179105,0.2900773908769184,0.26298086216545485,0.8318069293033228,0.001385478676875998,0.02723606664347459,0.6460801424968976,0.02528055709683706,0.04515438791417916,0.3968925234712904,0.027666956465304635,0.00778308345779585,0.003768401904316505,0.08549026249821294,0.14851219725377524,CTX_L2/3,cortex,#ff4a46
CTX_L4,0.25892590723066317,0.417928345498813,1.0,0.13143724481694682,0.00897031478124238,0.31200385213390397,0.00674563557228036,0.04422652297557685,0.052460354351409104,0.015010378293196796,0.4453945474596452,0.00044167269565364807,0.003725677136236588,0.022856390078167668,0.0007904981653979378,0.005070368900826317,0.0013027381192186294,0.0011741284937387146,0.0013329894388784515,1.0,0.08908174892960145,0.0030713911490941478,0.028815496263146192,0.004238816539373937,0.2139956785695254,1.0,0.01835274068172545,0.7028036713744537,0.004588032802931565,0.012096248124050385,0.002048561499168353,0.0038715219345753734,0.0008568450388379167,0.0005418426413736181,0.0004725135762298596,0.003955333236953695,0.0051029654554233805,0.0009067632831373153,0.029204206340262703,0.0001971806694263164,0.5825362774526729,0.004168964708472915,0.0014563127512339374,0.0019391180053696085,0.019237528162045547,0.8552727334321223,0.2555188080813755,0.25133828372059347,0.0013436459349455323,0.12466913882686208,0.5325331757204265,0.009632399856057265,0.01145822783092618,0.14596089935075948,0.1028433429915709,0.07720205814258091,0.024185947383245518,0.011834073194549398,0.10223254310777384,CTX_L4,cortex,#008941
CTX_L5,0.228195987090804,0.3068278134805939,0.41241500631614986,0.11537913396692705,0.010610117543353588,0.4274362111106602,0.00784275440877308,0.042157972583947004,0.05132861736151345,0.027913228173786973,0.33217900400677286,0.003814268748004747,0.04591935014533056,0.1260925742614502,0.002360363940628948,0.0085580163806531,0.0029780115033791596,0.0014780877651270885,0.0027214550519571975,0.6772915973940883,1.0,0.09439155255212577,0.45735282594805476,0.06182784742980141,0.050194516119579355,0.15936943378294693,0.22200680329405337,1.0,0.009946352785051472,0.0073736563076246655,0.0015868917684319528,0.01214234191951025,0.0020922128419333316,0.0013200575343598538,0.001899461650784163,0.012737406489246981,0.03254987106795308,0.0036160794115550907,0.18132990718491848,0.0004179196307747374,0.34337677829974655,0.01156400835779444,0.0016446601080387544,0.0016355408987884302,0.022204316454002625,1.0,0.821366741627112,0.19353612390901953,0.0015800705448317542,1.0,0.40100566022931416,0.03331143144301828,0.035399667136139026,0.23221551973067334,0.10325550877587752,0.07802790208845423,0.02670237075866059,0.2761197470198837,0.1955964346390136,CTX_L5,cortex,#006fa6
CTX_L6,0.1510432966669423,0.2416061582661812,0.2895850336417872,0.11338716208458864,0.007116290152428481,0.643354129910561,0.009047329447460135,0.017326519173466556,0.024669773388937236,0.07392955641478079,0.35552023662225346,0.0013028220479092325,0.002284086106444711,0.5964347142758388,0.0024450073790564715,0.010868289394910207,0.00293129828699056,0.0016680163260277834,0.003844052345020211,0.13392212839761022,0.09859866967633238,0.06450882307328037,1.0,0.09144807409381141,0.03378223713046445,0.10506472908068408,1.0,0.3350974894208795,0.0006546359069773322,0.0012251725066842844,0.0003534667727687297,0.006239099660523948,0.0012311879717682459,0.0005265317553101767,0.0007771361208783076,0.0033766423739420605,0.018928753122738097,0.0013642426603889676,0.049075543668354794,0.00027751221276596505,0.45504241410977164,0.010110740634112526,0.0026355032947878777,0.003059665233879053,0.009910486722286846,0.5704886473079532,0.5258977295242907,0.2392245509092423,0.0029650202461696225,0.2844284336260025,0.4742322927829266,0.043179162805372616,0.05949744392478025,0.23240956731500806,0.20682761167104696,0.16072249743414949,0.10142427903706752,0.38945962591805067,0.20934278381395757,CTX_L6,cortex,#a30059
CTX_L6b,0.16093889245156837,0.23333218467567662,0.0513884752603178,0.09310876082854333,0.009457371515232894,0.5611799926516566,0.015147573727555595,0.004947079924248027,0.01308920783987037,0.25025376186939136,0.3480657066371854,0.010306077939181512,0.03322441738997479,1.0,0.001309030964918738,0.005371156783157441,0.0019178480104051917,0.0017005328105297764,0.003962455714298513,0.02328482364235366,0.008841895490713693,1.0,0.38023473779221584,1.0,0.0016258266696827174,0.001586662975356494,0.36413020836447046,0.02315375351600118,0.0074904423759660855,0.0002460788286491965,0.000474753177893161,0.03197366415592573,0.0022901254883069136,0.0008788836934965954,0.017156036597260036,0.0019591196640578326,0.06576917056975508,0.015302211021312916,0.010034395081155783,0.0004932194952523817,0.4949195393091037,0.086739914813652,0.007230654338534371,0.014399745175341892,0.0008992577154669792,0.05623056846162607,0.804837429137667,0.5053333212878534,0.0041491868455221315,0.15036883822937958,0.5637402738893542,0.08497107728192387,0.11552845892715637,0.40505813826124093,0.21121000863513092,0.15968109165164704,0.19652900019515795,0.4163788335956146,0.35142528942141016,CTX_L6b,cortex,#ffdbe5
HPC,0.4024123647407661,0.32941390994672703,0.061526428058139696,1.0,0.018676558834406103,1.0,0.029712244492704813,0.02630113103212877,0.04363478815538434,0.3968959764884205,0.44591392003872243,0.001422213616218925,0.0013784478311349901,0.008207085837901244,0.06508530109971332,0.15797535482582994,0.05332250257171981,0.09681385142682557,0.05902307295005286,0.0028462516590440153,0.007271381435807813,0.008141084398163932,0.01158961791337493,0.005199199114078728,0.0018639760428733288,0.0021728943727972383,0.010516397706134217,0.011625797942787817,0.0009564403996630365,0.012104452266082382,0.00398819172756617,0.01372486553743657,0.000500622557054795,0.0005583724793452811,0.001234055998885034,0.0024144909831173133,0.007706114633047084,0.0011032782704187396,0.01195365636893476,0.001484477842263323,0.7576161914371994,0.012119477977838638,0.004806362799373949,0.005508809828169915,0.003205063149021339,0.07707646507523278,0.3702333135076079,0.717557616346855,0.003139818775334746,0.021097221839680606,0.7158515758115233,0.03799014630189236,0.07460784353022233,0.3773000140167631,0.12425095948743226,0.050339154159548025,0.042333279358983886,0.031540588511317316,0.26576507949049955,HPC,hippocampus,#7a4900
HPC_CA1,0.15410849302042628,0.17219017086251,0.042199779826257035,0.11651753005999352,0.0058917629100795335,0.5872904762466501,0.007532343273307015,0.006515254163416359,0.01238673776993606,0.09727548914998067,0.261580906495008,0.011543539505693673,0.0024844424104392086,0.014483977324140182,1.0,0.1915596113017575,0.009696379351159556,0.02394026924841951,0.031777080657551644,0.005128346318139023,0.01311743327580206,0.021513659669007496,0.06171285333713287,0.004866389911917755,0.001434792833643418,0.002150235508146924,0.05715928356488451,0.02699985922177281,0.000805189813652837,0.0006835672170235742,0.0001953425247564569,0.0209647327614138,0.0008737917655628657,0.00038546767484010184,0.0015190261053449315,0.001854715351654228,0.018187336046959317,0.0012895305895398574,0.013152161173787699,0.0003709690380055793,0.6303563666978007,0.012701829812568035,0.002488147672396791,0.0019172216795112652,0.0018580247471627373,0.3778846395530269,0.22064224609616132,0.2076647586676567,0.0011147360727926752,0.027232862861059255,0.29121359808948977,0.0534891923961258,0.12252805713997475,0.2369372611765642,0.043703351667333426,0.011709669085590724,0.005362168331266638,0.2541075141086372,0.2344072315795752,HPC_CA1,hippocampus,#0000a6
HPC_CA2/3,0.17299679992207917,0.16633398140114047,0.04562024182819262,0.12940275922364855,0.011054389826393363,0.5167847444599679,0.013661217754271586,0.013634373477746632,0.022925597932093887,0.12504459842940047,0.24448274935123557,0.07275549903281303,0.0018550932172616598,0.041694717090403004,0.051933125127308695,1.0,1.0,0.029044029847932022,0.06397283351295188,0.009786036976127309,0.006426151629995511,0.01742532563026908,0.13801371742528518,0.010803901218992705,0.0009021576254104556,0.0010382534236012704,0.1100599171897887,0.023622533892823625,0.0005154057260190384,0.0031510039409373435,0.000503884610545699,0.00962363435142091,0.0013220140891588707,0.0005327472712826243,0.0012247286752154107,0.0047847836056425,0.060863405599501354,0.0021987076464216955,0.06531830148481903,0.000780343194704748,0.37532153992155626,0.00959296531346591,0.0008860746210343296,0.000665054778497407,0.0035119891070512273,0.19806634016712027,0.44707992133425983,0.37386366225287426,0.0008891682876398495,0.06701362263200149,0.25427661865523987,0.12545159001924788,0.10494469029989327,0.14712325878918212,0.07019652225346774,0.025173431232360762,0.016804715924526276,1.0,0.3496089505055091,HPC_CA2/3,hippocampus,#63ffac
HPC_DG,0.14105040353883277,0.14749568621933434,0.0352618602804028,0.21371736125676646,0.0059389364337426795,0.4224137825642816,0.013640749288190607,0.010170209284089122,0.015783515746628823,0.22367716577789815,0.22206670590847805,0.0043700381253783584,0.0038194998872010198,0.0026451817567112045,0.0018351715830134403,0.029370781640594243,0.030844104358385842,1.0,1.0,0.0008752642066542034,0.0023380081103104825,0.017674009121725207,0.00453782798391237,0.0006421571147528216,0.004091435975428386,0.00094504259666063,0.0015887211066907328,0.004864890588013512,0.00536348395583848,0.00392846397225818,0.000533552355955515,0.3165476617731736,0.0011096013526846924,0.000532703822571869,0.0028775715504376744,0.001549826374906684,0.008995130192249364,0.0014083130717850705,0.011325140707192358,0.0015839268268064417,0.7608847262637439,0.008150561201934274,0.0012449334799242125,0.0013037526584871956,0.0007818783394024157,0.14495750675949642,0.09654087128073983,0.45728159769597726,0.0011827195930545211,0.005665862173812737,0.25273982076293144,1.0,1.0,0.20045485504281282,0.04534432127154778,0.008633735723020777,0.002402188733993834,0.005254131622910689,0.39158750762411665,HPC_DG,hippocampus,#b79762
HYPO_dorsal,0.031137126270752314,0.018468843821825766,0.003965936887100597,0.01106270205012017,1.0,0.035159951762405876,0.07242737752558988,0.06459157464793484,0.17169613653083915,0.03631927603354356,0.2664029731859998,0.00030753091782066976,0.00022763961853712855,0.0003065355865357831,2.566375189190266e-05,0.0001661351762931274,5.6580255142052034e-05,0.00010887176673601757,0.0001316469985320697,0.00015277089418468023,0.00030681475051927534,0.001346678621938949,0.0002507541761069389,0.00022298972721411907,5.28971114861636e-05,9.21415803741631e-05,0.00011492667865366158,0.0018587785467444936,0.00010515935607353562,0.005227668085214866,0.009021273703497503,0.004621270727226816,0.04701525834587935,0.014288528902939584,0.10647016243202558,0.12633590931392516,1.0,1.0,0.09591385465908588,0.0025118346137353157,0.03656896162128557,0.0054195663426663395,0.00020382640956671816,0.000570017797709369,0.001330895637874951,0.002117277075489836,0.028983160308720893,0.06480397382760471,0.0018348045403960888,0.00577411505874605,0.19424564615617662,0.012885004081272296,0.024212978626843493,0.34210147460417095,0.13490274150150203,0.13489843457923256,0.09069587285634632,0.0014782301868783683,0.5337687829706036,HYPO_dorsal,hypothalamus,#004d43
HYPO_dorsal2,0.05322459527864732,0.029407641733414664,0.010274962161335483,0.020832456600451684,0.35300836113080547,0.05251255149909998,0.052676481622543,0.5720744089149211,0.45901090543614276,0.060701428113149845,0.23949783947809963,0.00045629438179069394,0.00023369521539430988,0.00044344843064276774,4.3122231114949964e-05,0.00032348437322877495,0.0002019164066304308,0.0001107834522846834,0.0001322152219547357,0.00024456510917852595,0.0019921322037456516,0.0012612341835955246,0.00036804095252894676,0.00035055674842759027,8.286869276634648e-05,0.00015072715063634446,0.0004146163586595096,0.003949855147823862,0.00015059314409072094,0.026495015235887227,0.0070724177992989475,0.0017638219688604297,0.011318059466983952,0.003770293512083671,0.012550787973861994,1.0,0.18287611760060118,0.13363149801795832,1.0,0.002647437362258059,0.028177865326262604,0.005623278098637916,0.0027640640644830644,0.002870231743502733,0.034266369164480934,0.053477511639589345,0.032187326532675364,0.02908132139529897,0.0022478086399235994,0.007999708349876495,0.3381007681217113,0.0028555795714416514,0.008496632564898117,0.2619810690793165,0.23508837095192556,0.32317264314371497,0.23283106178912152,0.0008455141941583046,0.12168019323842634,HYPO_dorsal2,hypothalamus,#8fb0ff
HYPO_ventral,0.315684727179515,0.18568768634363386,0.008587090088683764,0.027974773214077393,0.5022974594323492,0.14746620814005823,0.0626757753052858,0.007587027052204423,0.04724187574234331,0.2118417732890894,0.25609502678428236,0.015797629989372824,0.02649244847802244,0.0008949817093148163,0.0002862580965220365,0.0006619001768137109,0.0001098621702516887,0.001169137397057056,0.0018243868619898557,0.00034632327955122505,0.0006717751057632661,0.030388361211152414,0.0009437198427129611,0.001100670457793944,0.0004010299963368882,0.00018377369679769154,0.0003152791735703863,0.0024306782671840227,0.006818897305515994,0.0005981676872210535,0.000640425409645341,0.0812273279130489,0.013602021826992309,0.0014297766212872601,1.0,0.004854009889538352,0.44029685862550266,0.5651035415935547,0.0031744156969368913,0.0008455202146426912,0.0986522659494862,1.0,0.0122218698683826,0.08034713932111023,0.0003402445231895858,0.002677743301887624,0.2526089993657378,0.1251661783789545,0.0017488486871684655,0.00633511727335689,0.28935517608001615,0.02329822589790444,0.11412035203106462,0.5986613002337614,0.07817718109154272,0.04123762241453218,0.022539842226569674,0.008274898960561298,0.5079003779087078,HYPO_ventral,hypothalamus,#997d87
HYPO_ventral2,0.02763865492790699,0.01593290703471479,0.004948885895994384,0.011132133580616533,0.9584029729187058,0.029873950633389445,0.018841334364980106,0.2631514567917615,0.3439100677482496,0.019304435420225478,0.20881481014755257,8.59402442089104e-05,7.410391765225832e-05,0.00012459719469588775,1.3539686420502922e-05,6.954898808172713e-05,2.007410505118657e-05,4.9930368629922876e-05,7.38296310632587e-05,5.616242086535448e-05,0.00014569911578935518,0.00046688580226510634,0.00010382983878983698,7.765522436034413e-05,2.433497250128075e-05,4.270353833625062e-05,4.628633853819187e-05,0.0009657501604888631,3.639879130511647e-05,0.0017990768333971936,0.0003641790168028926,0.0007718727879245195,1.0,0.0008548534034012973,0.017885550075462095,0.05120183979931771,0.1412587583045539,0.17996585312962043,0.21187000486309246,0.0006168747715434344,0.005805941922723361,0.0016617158387608878,0.00011413685754015525,0.00012219603048263766,0.005054931527496328,0.0025059971405866203,0.00434741665471705,0.007656925037482466,0.000327056333928308,0.0018619030831598384,0.13461860387843766,0.004012466125244891,0.019187812995420793,0.1534920787466537,0.10165017059506336,0.08069986303882891,0.08581537871834416,0.0007028052370776442,0.16679949812741673,HYPO_ventral2,hypothalamus,#5a0007
PIA_dorsal,0.356174061166116,0.41634734271618584,0.04071323187863434,0.24515832635409077,0.047247731566946526,0.2663581133434195,0.1417067927782246,0.010974541331275556,0.02935184373756055,0.604479861160456,1.0,0.022682515659699025,0.010503159087346373,0.010414445949744578,0.0007009869455440187,0.0065778172612858945,0.0007960199826534992,0.004661108615460808,0.002110383700709296,0.01573938364186131,0.005181043127603402,0.021865340410729364,0.011932210294650691,0.002534654655103941,0.039905432742155925,0.021178746091348413,0.0017519971721546943,0.01464452528533111,0.0341934844874405,0.0019872113557237625,0.0006702280454910677,0.04015610563908328,0.0013646868578694328,0.0005652388311328235,0.018721723901892147,0.0015205145872732358,0.007827671253102023,0.010955236105503516,0.006690734413479414,0.0019166292344191926,0.19070624152373675,0.013741636787889713,0.0041358453155995074,0.009661560997674113,0.0006564217036786043,0.01719289802430734,0.08017806610088404,0.033144814689322045,0.2137958221913907,0.005233404979657987,0.6540889529867463,0.010715378598302246,0.12722066647820213,0.2892415979100642,0.07455515970100957,0.03589294894384548,0.02183739629804002,0.0025369432863532573,0.8902791106953478,PIA_dorsal,"pia, lateral ventricle",#809693
PirCTX_L1,0.7004052529718282,0.8930865179441692,0.04604853289435567,0.1083677552450981,0.012541402412141179,0.29000901472311524,0.021072790711826543,0.005773041710946567,0.014727967864379273,0.12631592238081651,0.20724632928894535,0.02884240599628642,0.12596611069515046,0.07566319749684415,0.0008268066734720891,0.005601283397326515,0.0012950146087782276,0.004613032736873799,0.004940483860858339,0.056277848741057054,0.018195781086321732,0.14073883689438926,0.06468628144341118,0.04639392818610611,0.029706831627495416,0.00960317510886092,0.01995444233573646,0.017434272814015005,0.34188728978076793,0.000724831534706973,0.0020393349043411587,0.1159048659549815,0.0016150022094922082,0.0008421301253364282,0.021900068223686692,0.0017188647990464085,0.0270251403845193,0.008650927895248793,0.009891253176113304,0.0005309391852261151,0.491519082900362,0.07527652620242442,0.004473118443652247,0.006973634099272462,0.0007871234029960192,0.04252411592595507,0.8436455668403544,0.29635938862063677,0.0051207447583157895,0.032715556975010135,0.48393776346575545,0.03763990167491686,0.07151738350247294,0.593487452615896,0.041946328619406975,0.013841794719317103,0.00685594936536007,0.10065232153346447,0.3970065664082349,PirCTX_L1,piriform cortex,#6a3a4c
PirCTX_L2/3,0.7405817209343777,1.0,0.034803570798068145,0.04265896430986678,0.008577477849318824,0.2176265166051274,0.01853774509568922,0.00402313232483661,0.010901265251871281,0.062341596496153555,0.29287782168307286,0.0980251061394259,0.48582866817946974,0.030917865850443357,0.0017701464257265129,0.01040956722416281,0.0016275761779032628,0.016027441376665827,0.024684780624577643,0.07045009382375104,0.011032131545361661,0.14195014100315154,0.1106717076065474,0.018472476111669214,0.09846460750861481,0.013559704264617896,0.029232616587199584,0.03241867182790993,1.0,0.0004532559336445391,0.004093072922631102,0.3237861583542086,0.004419380036521962,0.0006457095684526049,0.0524290315026864,0.001886019651538176,0.0645915491730099,0.012406830251162458,0.00669724895584939,0.00091332287816371,0.609352006337691,0.28641273288465025,0.008437435764456921,0.010483652233619828,0.0006989434381684345,0.10461577594295669,0.7708554368938877,0.9107920896356285,0.0048556613104186915,0.05048320711012554,0.4985061998433651,0.13204157553708679,0.18054722955571156,0.9667964904524246,0.013442222719831122,0.002382886838385613,0.0008851879434443709,0.3501214202706938,0.5745511064160621,PirCTX_L2/3,piriform cortex,#1b4400
STR,0.35106990411690187,0.39611071003402276,0.09372485578430413,0.213303540735581,0.010990490074534589,0.9909578553187708,0.01698118028789893,0.009762108419241126,0.019036771560316242,0.28923072611898193,0.30232210143884425,0.0014863592544639538,0.008949209672676846,0.009407491189660975,0.0005510761063197786,0.004831953845862832,0.00034577547725521895,0.0010760431135381544,0.0012104700569350393,0.0028707952883320884,0.0031744255414772695,0.01343796474414313,0.0044008452460045965,0.002923135549474554,0.003306370467623215,0.0040546794668793115,0.005619031037016206,0.005434245978057463,0.004352952096160251,0.0013237778269496534,0.00029751828456936057,0.021349536117953257,0.0006843444297739946,0.0003893283040703558,0.030761226058753536,0.0023280505729515316,0.011963239330395059,0.004496844634234932,0.0046504938175992985,0.0006091482594202904,0.1229349108105766,0.16487662916314402,1.0,1.0,0.0017916519194673137,0.05095014524081214,0.12938323120782805,0.02066914279701246,0.009501145448206495,0.011714430004783609,0.6820297623533315,0.011026346618106536,0.0683370182293214,0.4287770753272512,0.1731245842355653,0.18001812748893653,0.15650438566586672,0.004142099290673757,0.1190855736965455,STR,striatum,#4fc601
THAL_latHabenula,0.06707739720882316,0.03944266330369211,0.007640858758161257,0.03132355282188266,0.32383599712711353,0.0597752302478123,0.1485813324161073,0.07504080472865952,0.13786663161957322,0.20907316107622972,0.1314754541393313,0.0025092849422047856,0.0015064715624116727,0.0006930268360421266,0.0009836523376372274,0.004072399835223549,0.00021742632623394334,0.0014144355013619846,0.0005724273327809014,0.000620365874315537,0.0030052869502563617,0.0022906525250514544,0.0004765941659516897,0.0003281698596147748,0.0005758071922418262,0.0005652771437627139,0.00032336667747026826,0.003279113879514523,0.000977895809070932,0.010490561981524758,0.011186014956909027,0.005804399746449167,0.005299705568935807,0.007412044039994007,0.07854549884316267,0.07358143575629593,0.10180597546368861,0.21149330083593218,0.06567644351313753,0.06640621878113964,0.054975967601141755,0.0060604453505476615,0.0009326841490432467,0.000627300006360888,0.004287911308647982,0.0033298759059897684,0.01871550189148354,0.020611740030922827,0.006188011716171251,0.0043144808786837775,0.14065719959009185,0.005562921053582837,0.041060909964557336,0.25923904541569553,0.10848215957333573,0.07350797468027222,0.05380994698445484,0.0012337023403661297,0.9117974812378811,THAL_latHabenula,thalamus,#3b5dff
THAL_lateral,0.037269775445500974,0.02631873534968991,0.009117158557246074,0.017617117209400568,0.09509380436387496,0.03265435715799942,0.01879632148804271,1.0,1.0,0.026328950917296305,0.3072307052801995,0.00018352339704492512,0.00023760663994719987,0.0007650545825617509,0.00010598950518552279,0.0012678543345282815,0.002194801903928057,0.00027666962737209807,0.00023998239733504222,0.0006351785934928812,0.0018250843327333988,0.001249423108213117,0.0008896113415293236,0.0003923416158248816,0.0002168479890235852,0.0004792839821381737,0.0005920503084305297,0.005802183139758117,0.0001954348481357406,1.0,0.16823200191953674,0.0011367159698763688,0.00047936369731524245,0.004063721147746539,0.000273882133502139,0.0038987712508384165,0.002063920380745015,0.0008001919425480504,0.029056317219445,0.0001545175413010591,0.005148239720122117,0.001192250634840043,0.0005907166968093936,0.0005510941643535063,0.008079503910547096,0.003717088313605778,0.0032044453575403795,0.004756743018302854,0.00162677254910002,0.004606375018117139,0.3609483863585589,0.0012116022914845917,0.0029478276713950854,0.29812277919569735,0.19858598361441107,0.3753363935737606,0.16143133222693104,0.0006101923232404012,0.03656767798746649,THAL_lateral,thalamus,#4a3b53
THAL_lateral2,0.06492158575445751,0.04064592534707326,0.009410117795811277,0.06201106235623829,0.13007235246354368,0.07837109511488527,0.08496955598580276,0.5159301646851611,0.3310498630697094,0.16227641347710464,0.3065485339029829,0.00023377895650552298,0.00014825833441254178,0.00031666135446940905,4.188103027128414e-05,0.00048331597888231863,0.0001559921314833828,9.526471425357294e-05,0.00013008556047231995,0.00023915154949316373,0.001166723410075685,0.0010276827341211222,0.0003629318905242365,0.0002467043415182609,7.571544399768812e-05,0.00016453901498678084,0.00034877859039102416,0.0023363015848614937,8.812274911516804e-05,0.05096011593385622,0.0013704171850941588,0.0010021192019141478,0.0008442120968525964,0.00045566949968760853,0.0034421664157644875,0.048534959772283746,0.033405434964411236,0.012771165202508275,0.10906135648340089,0.0002838491802951217,0.03271506667639073,0.001908990590714762,0.00038890629785234615,0.00041677441794573744,1.0,0.03902286575217965,0.01859874858631138,0.01204503645533298,0.002367905735434112,0.004755690782432965,0.3018818712993523,0.0020261752621699254,0.013626028474873632,0.2711594347672272,0.2664496521705459,0.3918271170077332,0.3430388135357666,0.0006519755656143533,0.064698443073954,THAL_lateral2,thalamus,#ff2f80
THAL_medHabenula,0.022961135157757447,0.01750284735200145,0.0018311234456276125,0.011734377278637098,0.047891320697903264,0.02884932213850118,1.0,0.004390925874846797,0.01769612267128641,0.6556176563939011,0.4869680762932876,0.00027043020594777885,0.000152924844842818,0.00014919135822076207,3.357439602568814e-05,0.00043258222204413914,5.944806645391336e-05,0.0026488362440038587,0.0013886997373758355,5.267006480592962e-05,0.00012657705793181576,0.0010712302259165008,0.0001357276397086263,8.112758215603308e-05,3.221729973348084e-05,3.427740463445457e-05,5.0686341040288114e-05,0.00044107256708665794,9.676227083124138e-05,0.001471023976963878,0.021746891525684008,0.00609634074594061,0.0025841281717007736,0.004735678268105014,0.018030442293479557,0.0004540622625321662,0.034856765979948794,0.06152685224757997,0.0008164489559174803,1.0,0.0046872215607609465,0.001565503462244163,0.0001967994107438855,0.00015326108656072232,6.199091241378501e-05,0.000325202694371777,0.0024675081099144436,0.004839224692697512,0.029948454478289387,0.001027010814633195,0.267109930738043,0.015038829605867207,0.17816789325087812,0.1509046265207563,0.2615675890292713,0.0773014994863698,0.07301084226978927,0.0004820552883628928,1.0,THAL_medHabenula,thalamus,#61615a
THAL_medial,0.06658297043792959,0.0427221337644726,0.010600687940903516,0.029957658771070945,0.4849057094715158,0.062171705725131365,0.05756692406987178,0.39266981957479774,0.8185350795855936,0.04500726936504861,0.33749623454177036,0.00020856669156784502,0.00018773491121680744,0.0004872864948392788,7.560959792094506e-05,0.0004386025535546821,0.00011973889094429997,0.00014369481670264067,0.00018947586017538002,0.00031087378487768333,0.000559208998699427,0.0010767670498306463,0.00045921692097472067,0.0002675326174804011,0.00011393049760056973,0.0002885660729033272,0.00028904040391626844,0.002955520178289742,0.00010423733459142125,0.19763693937401292,0.08301317611439335,0.0015717059497587867,0.008105955700827422,1.0,0.01247420322764639,0.012955139382298513,0.35563481755704324,0.2267569701657747,0.029996267030905494,0.0006082426299409649,0.006968183302675896,0.0026395420835453654,0.00028772795720202586,0.0002343151004167592,0.0005600445173534774,0.0015938757749399998,0.006561209204618297,0.01038137093330783,0.000776815196622824,0.017149202017726295,0.2698348211287334,0.005978225480162781,0.01872166657400555,0.5045987560336178,0.11128303647344988,0.14988843901091684,0.10666623017192271,0.0018552346137918649,0.14332059328319888,THAL_medial,thalamus,#ba0900
THAL_venmedial,0.05839055006247946,0.03602289304235456,0.00861973052033242,0.023003135053600167,0.38427173184709795,0.042990642187536315,0.03801720744917012,0.44734633142758473,0.861142202325138,0.03374107461437926,0.19280494636551967,0.0005063076816382829,0.0008030388616449967,0.0007479641426502706,0.00011225647747571784,0.0008628440533681567,0.0006112082027821561,0.001231993218882667,0.0007047077627345664,0.0006016199020001396,0.0008519108718269694,0.002877618152557242,0.0009726188398521025,0.0007950976760517721,0.00022166298238377136,0.0002842524431082279,0.00038919799851457943,0.0031369170856384823,0.0005516158886572796,0.2820539814667195,1.0,0.004954161746006804,0.0029673729078419204,0.052105176006043016,0.009824253851727874,0.010959028569770282,0.04979776181243934,0.10514734238712052,0.01150349616011299,0.0029820265529265384,0.02440496138692203,0.0030424092601970014,0.00042530510445309505,0.00042278235887778276,0.0016689213029469974,0.0017238405202010733,0.007739573059611742,0.01466543694459214,0.0007748701466726241,0.0063611626412367036,0.3370002286654847,0.004791395632041808,0.008779127539179084,0.2812346778863442,0.14091132250579624,0.21530973188565047,0.06439621258913623,0.0009524765874593752,0.21750487936505009,THAL_venmedial,thalamus,#6b7900
VENTRICLE,0.02685614423723849,0.018188695233601396,0.0022944301890275597,0.012034416249904067,0.0076515298105029475,0.03542679237189045,0.01583157184701998,0.0027631584885087807,0.007019537695314861,0.5868855280588137,0.31239762217871225,0.003324233444625251,0.0006643394196611469,0.00018798009221759134,5.745956709819878e-05,0.00047861420539107186,6.297679712494166e-05,0.00020515251543352925,0.0002652222815042197,9.963086461782129e-05,0.0011679935463679066,0.008558617537746921,0.0003123711202872566,0.00020981266620802164,9.515423372931966e-05,6.977485179054912e-05,0.0002109502693876131,0.0005996736711378974,0.00046708347196837484,0.0015938145831649686,0.00010737523334053394,0.01594808456265964,0.0002984123607177135,0.00019160513576928952,0.010147664877681175,0.003559788173501385,0.0033263810319018516,0.0017184868318131541,0.08954191424445036,0.0011243166187403476,0.008372693680811961,0.007118302891592471,0.029103867011943563,0.009150700835662356,0.003435184451158857,0.008334051393486667,0.004328272001243502,0.003651855023346714,1.0,0.0013320352547008616,0.24568893358859337,0.0038988782400717916,0.2831870482406191,0.06814423163552213,0.1313083262235771,0.062210262604661455,0.0511682071887596,0.00035940738825283305,0.3605142757551995,VENTRICLE,lateral ventricle,#00c2a0
WM_dorsal,0.022882290124842997,0.019205512727482926,0.003910736402358602,0.041732520576850174,0.026503096248471466,0.15446528988850947,0.17394614674886744,0.016923722317320044,0.03631615076818238,1.0,0.4213792879761313,0.0004393096867285729,0.0001922884733196434,0.013455918987440503,0.0003248006495643457,0.0032323876099361547,0.0008947971827935612,0.00010722115066099461,0.00011670919942957283,0.00047801490281614115,0.0006907367162427102,0.0076714020833777465,0.0035010133391868846,0.016546523837155443,0.0002668860825373117,0.00041494327393960426,0.0047080497928513,0.0020825782990030574,0.00012095561027546128,0.002919124769071205,0.002196116344824546,0.0015865924495246362,0.0003731930984188097,0.0006656271942817126,0.0038153210724078002,0.005433048499323193,0.01341340755183053,0.008242885894709628,0.009149782207642176,0.0005336499339579102,0.06175223054907759,0.018457102539131135,0.02280717939972383,0.017254696810151217,0.017111881314242898,0.0011427083617436228,0.04161057583969005,0.03318142240700191,0.03388141459704945,0.003270165158932873,1.0,0.00541965915914166,0.10432857724375898,0.5933363623749047,1.0,1.0,1.0,0.001245723203383392,0.13095186415141077,WM_dorsal,white matter,#ffaa92
WM_ventral,0.08668381832044225,0.051422292250436756,0.012517993073687915,0.09560581765599462,0.05783384890669549,0.22907130282344051,0.12919320777020207,0.07655724337580092,0.08911412278320549,0.7302341724630853,0.29953690580790443,0.0011458464027708384,0.0007144829506026721,0.00770755062882059,0.005723433198951666,0.014883622082239537,0.003920123743475556,0.0011498602255241856,0.0005852771844287541,0.001436761875692589,0.004317029363304451,0.0034871360556391327,0.003814903936331194,0.012390814457755531,0.0004749143772384814,0.001027110317245537,0.013046351502170586,0.007071489681616442,0.0008083572521584935,0.009593500414801415,0.002771004449039015,0.007479187488743791,0.0011936128740853923,0.0039375841547551116,0.007111617395887827,0.03373860756373103,0.014935204982776572,0.008078836100195712,0.03393571596605134,0.0011684956412318923,0.09832055918451887,0.06517782017543128,0.015424043796882697,0.010957055015289482,0.013022796597095593,0.008569247171281309,0.1683160843607065,0.03455691467516619,0.010298796320759555,0.015590197861755223,0.7227762673369246,0.008457514904658636,0.18000230681248452,0.6433936592134238,0.6849823286928847,0.6272941328106515,0.5281016121142086,0.0025468639304771445,0.23338337259227598,WM_ventral,white matter,#ff90c9
